Workbook

Sheet Ret
A1: Refresh | B1: Last Update : 2025-06-19 08:32:11
A2: 0
A3: Time Series (Company)
A4: Frequency | B4: M | C4: Ascending | D4: 0
A5: Period(From) | B5: 20200504 | C5: Korean | D5: 0
A6: Period(To) | B6: 20250531 | D6: 0
A8: Code | B8: Name | C8: Item Code | D8: Unit | E8: Base Date | G8: 43980 | H8: 44012 | I8: 44043 | J8: 44074 | K8: 44103 | L8: 44134 | M8: 44165 | N8: 44195 | O8: 44225 | P8: 44253 | Q8: 44286 | R8: 44316 | S8: 44347 | T8: 44377 | U8: 44407 | V8: 44439 | W8: 44469 | X8: 44498 | Y8: 44530 | Z8: 44560 | AA8: 44589 | AB8: 44620 | AC8: 44651 | AD8: 44680 | AE8: 44712 | AF8: 44742 | AG8: 44771 | AH8: 44804 | AI8: 44834 | AJ8: 44865 | AK8: 44895 | AL8: 44924 | AM8: 44957 | AN8: 44985 | AO8: 45016 | AP8: 45044 | AQ8: 45077 | AR8: 45107 | AS8: 45138 | AT8: 45169 | AU8: 45196 | AV8: 45230 | AW8: 45260 | AX8: 45288 | AY8: 45322 | AZ8: 45351 | BA8: 45380 | BB8: 45412 | BC8: 45443 | BD8: 45471 | BE8: 45504 | BF8: 45534 | BG8: 45565 | BH8: 45596 | BI8: 45625 | BJ8: 45656 | BK8: 45688 | BL8: 45716 | BM8: 45747 | BN8: 45777 | BO8: 45807
A9: IKS270 | B9: 코스피 200 TR | C9: S302600 | D9: % | F9: 월간수익률 | G9: 3.93 | H9: 4.7 | I9: 6.86 | J9: 2.6 | K9: 0.92 | L9: -2.54 | M9: 14.73 | N9: 13.7 | O9: 3.93 | P9: 1.32 | Q9: 2.08 | R9: 1.75 | S9: 1.32 | T9: 2.71 | U9: -3.34 | V9: -0.94 | W9: -4.26 | X9: -3.19 | Y9: -3.9 | Z9: 6.68 | AA9: -9.18 | AB9: 0.99 | AC9: 1.64 | AD9: -2.84 | AE9: -0.14 | AF9: -13.09 | AG9: 5.28 | AH9: -0.1 | AI9: -12.66 | AJ9: 6.53 | AK9: 7.15 | AL9: -7.75 | AM9: 8.99 | AN9: -0.78 | AO9: 2.44 | AP9: 1.38 | AQ9: 3.87 | AR9: -0.02 | AS9: 2.27 | AT9: -3.12 | AU9: -2.16 | AV9: -6.42 | AW9: 10.76 | AX9: 6.56 | AY9: -6.08 | AZ9: 6.05 | BA9: 5.89 | BB9: -2.52 | BC9: -1.88 | BD9: 7.48 | BE9: -0.88 | BF9: -4.94 | BG9: -4.39 | BH9: -1.55 | BI9: -4.09 | BJ9: -1.95 | BK9: 4.9 | BL9: 0.78 | BM9: 0.11 | BN9: 1.98 | BO9: 6.3
A10: A005930 | B10: 삼성전자 | C10: S310600 | D10: % | F10: 월간수익률(현금배당포함) | G10: 1.4 | H10: 4.84 | I10: 9.66 | J10: -6.74 | K10: 8.43 | L10: -2.75 | M10: 17.84 | N10: 24.43 | O10: 1.23 | P10: 0.61 | Q10: -0.9 | R10: 0.12 | S10: -1.23 | T10: 0.69 | U10: -2.73 | V10: -2.29 | W10: -2.92 | X10: -5.8 | Y10: 2.15 | Z10: 10.32 | AA10: -6.39 | AB10: -1.64 | AC10: -2.97 | AD10: -3.16 | AE10: 0 | AF10: -14.9 | AG10: 7.72 | AH10: -2.77 | AI10: -10.45 | AJ10: 11.86 | AK10: 4.71 | AL10: -10.53 | AM10: 10.31 | AN10: -0.66 | AO10: 6.21 | AP10: 2.34 | AQ10: 9.01 | AR10: 1.62 | AS10: -3.33 | AT10: -4.16 | AU10: 2.78 | AV10: -2.19 | AW10: 8.82 | AX10: 8.33 | AY10: -7.39 | AZ10: 0.96 | BA10: 12.76 | BB10: -5.95 | BC10: -5.16 | BD10: 11.37 | BE10: 2.94 | BF10: -11.44 | BG10: -16.76 | BH10: -3.74 | BI10: -8.45 | BJ10: -1.18 | BK10: -1.5 | BL10: 4.01 | BM10: 6.7 | BN10: -3.98 | BO10: 1.26
A11: A000660 | B11: SK하이닉스 | C11: S310600 | D11: % | F11: 월간수익률(현금배당포함) | G11: -2.63 | H11: 4.42 | I11: -2.7 | J11: -9.3 | K11: 11.85 | L11: -4.88 | M11: 22.03 | N11: 22.76 | O11: 3.37 | P11: 15.51 | Q11: -6.36 | R11: -3.4 | S11: -0.78 | T11: 0.39 | U11: -11.77 | V11: -5.33 | W11: -3.29 | X11: 0 | Y11: 10.68 | Z11: 16.3 | AA11: -8.02 | AB11: 2.49 | AC11: -4.22 | AD11: -4.66 | AE11: -4 | AF11: -15.47 | AG11: 7.58 | AH11: -2.76 | AI11: -12.39 | AJ11: -0.48 | AK11: 2.78 | AL11: -11.42 | AM11: 18 | AN11: 1.02 | AO11: -0.56 | AP11: 1.01 | AQ11: 21.34 | AR11: 6.35 | AS11: 7.12 | AT11: -1.3 | AU11: -5.58 | AV11: 1.39 | AW11: 15.13 | AX11: 5.9 | AY11: -4.81 | AZ11: 15.96 | BA11: 17.35 | BB11: -4.81 | BC11: 8.61 | BD11: 25.16 | BE11: -17.72 | BF11: -10.74 | BG11: 0.68 | BH11: 6.7 | BI11: -14.17 | BJ11: 8.75 | BK11: 14.55 | BL11: -3.89 | BM11: 0.26 | BN11: -6.92 | BO11: 15.41
A12: A373220 | B12: LG에너지솔루션 | C12: S310600 | D12: % | F12: 월간수익률(현금배당포함) | AA12: -10.89 | AB12: -8.45 | AC12: 7.28 | AD12: -5.66 | AE12: 6.47 | AF12: -16.44 | AG12: 13.75 | AH12: 9.6 | AI12: -7.78 | AJ12: 23.8 | AK12: 11.17 | AL12: -25.81 | AM12: 19.63 | AN12: 0.38 | AO12: 11.66 | AP12: -0.51 | AQ12: 3.1 | AR12: -7.68 | AS12: 1.27 | AT12: -2.86 | AU12: -12.41 | AV12: -19.1 | AW12: 17.9 | AX12: -5.94 | AY12: -10.88 | AZ12: 5.38 | BA12: -1.62 | BB12: -1.52 | BC12: -14.91 | BD12: -1.36 | BE12: -0.77 | BF12: 19.75 | BG12: 6.83 | BH12: -1.69 | BI12: -6.38 | BJ12: -8.78 | BK12: 1.15 | BL12: 0 | BM12: -4.97 | BN12: -2.99 | BO12: -11.87
A13: A207940 | B13: 삼성바이오로직스 | C13: S310600 | D13: % | F13: 월간수익률(현금배당포함) | G13: 7.06 | H13: 24.6 | I13: -5.42 | J13: 6.14 | K13: -11.31 | L13: -1.16 | M13: 15.25 | N13: 5.09 | O13: -4 | P13: -5.42 | Q13: -0.27 | R13: 7.49 | S13: 5.1 | T13: -0.47 | U13: 5.83 | V13: 8.43 | W13: -9.43 | X13: -0.34 | Y13: 2.07 | Z13: 1.57 | AA13: -18.16 | AB13: 6.66 | AC13: 6.16 | AD13: 1.33 | AE13: 1.07 | AF13: -6.73 | AG13: 9.49 | AH13: -3.47 | AI13: -3.35 | AJ13: 8.67 | AK13: 1.14 | AL13: -7.44 | AM13: -3.41 | AN13: -2.52 | AO13: 1.94 | AP13: -0.89 | AQ13: 0.38 | AR13: -5.1 | AS13: 2.96 | AT13: -3.79 | AU13: -7.6 | AV13: 4.11 | AW13: 2.26 | AX13: 4.83 | AY13: 10.53 | AZ13: -7.86 | BA13: 7.36 | BB13: -6.02 | BC13: -6.53 | BD13: -0.41 | BE13: 29.02 | BF13: 4.48 | BG13: -0.31 | BH13: 2.56 | BI13: -2.7 | BJ13: -2.67 | BK13: 13.91 | BL13: 3.24 | BM13: -9.14 | BN13: 3.75 | BO13: -1.9
A14: A005380 | B14: 현대차 | C14: S310600 | D14: % | F14: 월간수익률(현금배당포함) | G14: 4.7 | H14: -0.31 | I14: 29.48 | J14: 39.52 | K14: 1.13 | L14: -7.84 | M14: 10.33 | N14: 7.45 | O14: 19.27 | P14: 3.49 | Q14: -8.02 | R14: -2.75 | S14: 10.85 | T14: 2.34 | U14: -8.98 | V14: -2.52 | W14: -5.88 | X14: 4 | Y14: -6.01 | Z14: 8.92 | AA14: -9.33 | AB14: -7.65 | AC14: 3.14 | AD14: 3.05 | AE14: 1.88 | AF14: -4.21 | AG14: 8.59 | AH14: 0 | AI14: -9.95 | AJ14: -6.8 | AK14: 2.73 | AL14: -7.17 | AM14: 10.59 | AN14: 5.57 | AO14: 4.65 | AP14: 7.05 | AQ14: 1.26 | AR14: 4.01 | AS14: -5.09 | AT14: -3.52 | AU14: 1.85 | AV14: -11.2 | AW14: 8.6 | AX14: 10.42 | AY14: -4.37 | AZ14: 33.08 | BA14: -6.2 | BB14: 7.72 | BC14: 0.8 | BD14: 17.38 | BE14: -15.59 | BF14: 2.61 | BG14: -3.75 | BH14: -11.89 | BI14: 1.63 | BJ14: -2.98 | BK14: -2.83 | BL14: -3.51 | BM14: 2.18 | BN14: -3.35 | BO14: -1.51
A15: A068270 | B15: 셀트리온 | C15: S310600 | D15: % | F15: 월간수익률(현금배당포함) | G15: 1.42 | H15: 43.32 | I15: -3.11 | J15: 0.17 | K15: -13.3 | L15: -6.41 | M15: 41.08 | N15: 7.52 | O15: -9.75 | P15: -8.18 | Q15: 9.07 | R15: -18.03 | S15: 3.19 | T15: -2.19 | U15: -5.59 | V15: 15.58 | W15: -11.43 | X15: -22.74 | Y15: 3.24 | Z15: -2.19 | AA15: -23.74 | AB15: 5.63 | AC15: 7.52 | AD15: 2.62 | AE15: -8.81 | AF15: 11.21 | AG15: 6.44 | AH15: -0.26 | AI15: -7.39 | AJ15: 9.4 | AK15: -8.33 | AL15: -5.12 | AM15: 0.68 | AN15: -10.15 | AO15: 3.17 | AP15: 7.21 | AQ15: 6.66 | AR15: -10.74 | AS15: -4.12 | AT15: -1.84 | AU15: -3.27 | AV15: 7.4 | AW15: 8.96 | AX15: 24.02 | AY15: -10.82 | AZ15: 0 | BA15: 6.4 | BB15: -1.15 | BC15: -6.77 | BD15: -1.08 | BE15: 17.33 | BF15: -0.73 | BG15: -3.74 | BH15: -6.6 | BI15: 2.46 | BJ15: 5.4 | BK15: -4.16 | BL15: 2.39 | BM15: -8.15 | BN15: -4.56 | BO15: -0.19
A16: A000270 | B16: 기아 | C16: S310600 | D16: % | F16: 월간수익률(현금배당포함) | G16: 15.51 | H16: -6.42 | I16: 26.05 | J16: 5.07 | K16: 10.48 | L16: 7.68 | M16: 14.45 | N16: 9.69 | O16: 32.21 | P16: -3.76 | Q16: 4.41 | R16: -7.12 | S16: 11.17 | T16: 4.67 | U16: -6.7 | V16: 1.79 | W16: -4.58 | X16: 4.8 | Y16: -8.58 | Z16: 9.45 | AA16: -0.24 | AB16: -10 | AC16: 0.27 | AD16: 13.24 | AE16: 2.27 | AF16: -9.8 | AG16: 5.04 | AH16: -0.49 | AI16: -11.02 | AJ16: -7.79 | AK16: 3.47 | AL16: -8.59 | AM16: 12.65 | AN16: 12.72 | AO16: 7.57 | AP16: 4.32 | AQ16: 1.66 | AR16: 3.03 | AS16: -6.55 | AT16: -3.02 | AU16: 1.5 | AV16: -5.53 | AW16: 11.7 | AX16: 16.41 | AY16: 2.9 | AZ16: 20.99 | BA16: -7.32 | BB16: 7.08 | BC16: -0.26 | BD16: 9.85 | BE16: -13.3 | BF16: -5.35 | BG16: -5.84 | BH16: -8.01 | BI16: 1.09 | BJ16: 8.39 | BK16: 1.29 | BL16: -8.63 | BM16: 5.71 | BN16: -2.06 | BO16: -1.11
A17: A105560 | B17: KB금융 | C17: S310600 | D17: % | F17: 월간수익률(현금배당포함) | G17: -2.16 | H17: -0.15 | I17: 3.83 | J17: 4.54 | K17: 1.9 | L17: 6.79 | M17: 13.09 | N17: -0.4 | O17: -7.14 | P17: 8.68 | Q17: 28.31 | R17: -2.67 | S17: 7.49 | T17: -3.83 | U17: -8.07 | V17: 3.12 | W17: 4.54 | X17: 2.35 | Y17: -6.71 | Z17: 8.28 | AA17: 8.18 | AB17: 0.34 | AC17: 3.53 | AD17: -4.57 | AE17: 3.25 | AF17: -19.45 | AG17: 0.62 | AH17: 2.06 | AI17: -10.63 | AJ17: 9.95 | AK17: 9.26 | AL17: -4.91 | AM17: 15.26 | AN17: -8.23 | AO17: -6.11 | AP17: 3.88 | AQ17: -3.03 | AR17: 0.56 | AS17: 6.81 | AT17: 6.08 | AU17: 3.15 | AV17: -6.87 | AW17: 1.75 | AX17: 3.24 | AY17: 4.62 | AZ17: 14.95 | BA17: 10.67 | BB17: 8.78 | BC17: 5.03 | BD17: -0.14 | BE17: 11.97 | BF17: -2.28 | BG17: -4.93 | BH17: 11.62 | BI17: 6.53 | BJ17: -13.83 | BK17: 10.61 | BL17: -13.76 | BM17: 0.89 | BN17: 14.18 | BO17: 16.78
A18: A005490 | B18: POSCO홀딩스 | C18: S310600 | D18: % | F18: 월간수익률(현금배당포함) | G18: -1.9 | H18: -3.59 | I18: 11.21 | J18: -4.65 | K18: 7.05 | L18: 6.12 | M18: 12.5 | N18: 18.18 | O18: -9.74 | P18: 14.66 | Q18: 14.73 | R18: 13.75 | S18: -2.47 | T18: -0.84 | U18: 5.31 | V18: -8.05 | W18: -0.59 | X18: -10.3 | Y18: -11.83 | Z18: 7.06 | AA18: -3.46 | AB18: 7.55 | AC18: 4.22 | AD18: -1.37 | AE18: 0 | AF18: -18.88 | AG18: 4.99 | AH18: 5.37 | AI18: -16.5 | AJ18: 18.01 | AK18: 20.28 | AL18: -7.05 | AM18: 8.68 | AN18: 5.82 | AO18: 16.57 | AP18: 2.44 | AQ18: -4.51 | AR18: 8.47 | AS18: 65.46 | AT18: -9.81 | AU18: -7.17 | AV18: -23.08 | AW18: 17.37 | AX18: 3.42 | AY18: -14.72 | AZ18: 1.87 | BA18: -1.62 | BB18: -4.03 | BC18: -8.89 | BD18: -0.94 | BE18: -3.17 | BF18: -3.27 | BG18: 13.97 | BH18: -12.86 | BI18: -15.8 | BJ18: -10.27 | BK18: 2.76 | BL18: 5.54 | BM18: 2.2 | BN18: -6.46 | BO18: -3.02
A19: A035420 | B19: NAVER | C19: S310600 | D19: % | F19: 월간수익률(현금배당포함) | G19: 14.43 | H19: 18.14 | I19: 12.73 | J19: 7.14 | K19: -8.06 | L19: -2.19 | M19: -4.31 | N19: 5.55 | O19: 17.26 | P19: 9.33 | Q19: 0.53 | R19: -4.64 | S19: 0.83 | T19: 15.17 | U19: 3.83 | V19: 1.27 | W19: -11.62 | X19: 4.9 | Y19: -6.39 | Z19: -0.52 | AA19: -18.1 | AB19: 2.58 | AC19: 7.07 | AD19: -15.86 | AE19: 0.52 | AF19: -16.67 | AG19: 7.92 | AH19: -7.34 | AI19: -19 | AJ19: -12.4 | AK19: 10.32 | AL19: -5.08 | AM19: 14.08 | AN19: 2.96 | AO19: -3.12 | AP19: -4.8 | AQ19: 3.74 | AR19: -8.16 | AS19: 24.18 | AT19: -5.51 | AU19: -6.06 | AV19: -7 | AW19: 10.99 | AX19: 8.07 | AY19: -10.49 | AZ19: -2.74 | BA19: -3.9 | BB19: -1.6 | BC19: -7.7 | BD19: -1.94 | BE19: 4.25 | BF19: -2.82 | BG19: 0.18 | BH19: 0.35 | BI19: 21.47 | BJ19: -3.68 | BK19: 8.85 | BL19: -3.9 | BM19: -7.73 | BN19: 4.97 | BO19: -6.48
A20: A055550 | B20: 신한지주 | C20: S310600 | D20: % | F20: 월간수익률(현금배당포함) | G20: -1.31 | H20: -4.64 | I20: 4.69 | J20: -1.5 | K20: -6.91 | L20: 9.96 | M20: 6.09 | N20: 4.2 | O20: -4.37 | P20: 7.5 | Q20: 13.66 | R20: 6.81 | S20: 6.12 | T20: -3.66 | U20: -3.57 | V20: -0.77 | W20: 4.67 | X20: -5.32 | Y20: -9.41 | Z20: 10.2 | AA20: 3.67 | AB20: 2.36 | AC20: 7.3 | AD20: 1.57 | AE20: 2.13 | AF20: -13.03 | AG20: -3.64 | AH20: 2.52 | AI20: -7.4 | AJ20: 8.36 | AK20: 4.96 | AL20: -5.39 | AM20: 18.04 | AN20: -6.5 | AO20: -7.65 | AP20: -1.13 | AQ20: 0.28 | AR20: -1.49 | AS20: 3.09 | AT20: 1.43 | AU20: 1.62 | AV20: -2.39 | AW20: 6.19 | AX20: 8.81 | AY20: 1.74 | AZ20: 7.92 | BA20: 6.83 | BB20: 1.41 | BC20: 1.07 | BD20: 3.29 | BE20: 24.19 | BF20: -6.19 | BG20: -0.12 | BH20: -7.57 | BI20: 3.31 | BJ20: -10.09 | BK20: 7.24 | BL20: -9.25 | BM20: 2.62 | BN20: 10.46 | BO20: 13.03
A21: A012330 | B21: 현대모비스 | C21: S310600 | D21: % | F21: 월간수익률(현금배당포함) | G21: 15.12 | H21: -3.03 | I21: 7.03 | J21: 9 | K21: 2.68 | L21: -1.96 | M21: 8.2 | N21: 6.38 | O21: 24.26 | P21: -4.57 | Q21: -3.63 | R21: -7.54 | S21: 3.7 | T21: 4.64 | U21: -8.73 | V21: 4.13 | W21: -8.83 | X21: -0.4 | Y21: -12.5 | Z21: 16.74 | AA21: -8.84 | AB21: -3.45 | AC21: -4.02 | AD21: -3.49 | AE21: 5.3 | AF21: -8.47 | AG21: 14.82 | AH21: -5.91 | AI21: -11.16 | AJ21: 14.66 | AK21: -2.74 | AL21: -4.51 | AM21: 2.49 | AN21: 3.41 | AO21: 1.65 | AP21: 0.69 | AQ21: 2.53 | AR21: 4.72 | AS21: 0.21 | AT21: -0.86 | AU21: 4.11 | AV21: -13.31 | AW21: 9.83 | AX21: 3.49 | AY21: -11.39 | AZ21: 15.48 | BA21: 6.56 | BB21: -10.39 | BC21: -6.13 | BD21: 17.72 | BE21: -12.33 | BF21: -1.36 | BG21: 0 | BH21: 14.71 | BI21: -4.01 | BJ21: -1.25 | BK21: 11.42 | BL21: -6.83 | BM21: 8.1 | BN21: 2.69 | BO21: -5.42
A22: A006400 | B22: 삼성SDI | C22: S310600 | D22: % | F22: 월간수익률(현금배당포함) | G22: 25.52 | H22: 1.25 | I22: 9.35 | J22: 13.84 | K22: -4.2 | L22: 1.96 | M22: 20.59 | N22: 18.02 | O22: 16.88 | P22: -8.18 | Q22: -2.08 | R22: -0.91 | S22: -5.96 | T22: 13.49 | U22: 6.16 | V22: 7.02 | W22: -9.46 | X22: 2.23 | Y22: -6.27 | Z22: -4.65 | AA22: -10.84 | AB22: -6.17 | AC22: 8.76 | AD22: 2.52 | AE22: -5.89 | AF22: -7.48 | AG22: 6.95 | AH22: 5.1 | AI22: -8.7 | AJ22: 34.98 | AK22: -1.09 | AL22: -18.79 | AM22: 15.9 | AN22: 1.6 | AO22: 5.6 | AP22: -5.99 | AQ22: 3.91 | AR22: -6.83 | AS22: -0.6 | AT22: -7.67 | AU22: -16.61 | AV22: -16.9 | AW22: 10.93 | AX22: 0.22 | AY22: -21.08 | AZ22: 1.21 | BA22: 24.93 | BB22: -7.86 | BC22: -13.71 | BD22: -5.47 | BE22: -9.75 | BF22: 10.8 | BG22: 6.92 | BH22: -13.61 | BI22: -22.17 | BJ22: -2.36 | BK22: -10.3 | BL22: 0.9 | BM22: -15.85 | BN22: -4.63 | BO22: -4.04
A23: A051910 | B23: LG화학 | C23: S310600 | D23: % | F23: 월간수익률(현금배당포함) | G23: 3.72 | H23: 25.61 | I23: 15.8 | J23: 30.28 | K23: -11.62 | L23: -6.58 | M23: 30.93 | N23: 4.27 | O23: 11.29 | P23: -9.38 | Q23: -3.13 | R23: 15.78 | S23: -12.13 | T23: 3.78 | U23: -0.94 | V23: -9.98 | W23: 2.37 | X23: 7.73 | Y23: -16.99 | Z23: -9.69 | AA23: 3.9 | AB23: -11.58 | AC23: -5.84 | AD23: -2.44 | AE23: 12.72 | AF23: -11.8 | AG23: 16.86 | AH23: 4.81 | AI23: -15.19 | AJ23: 16.79 | AK23: 18.21 | AL23: -17.57 | AM23: 15 | AN23: -1.45 | AO23: 4.7 | AP23: 3.93 | AQ23: -6.35 | AR23: -3.75 | AS23: -2.85 | AT23: -10.03 | AU23: -14.84 | AV23: -11.38 | AW23: 13.86 | AX23: 0.32 | AY23: -12.93 | AZ23: 4.26 | BA23: -3.09 | BB23: -8.32 | BC23: -12.67 | BD23: -1.71 | BE23: -11.58 | BF23: 5.24 | BG23: 10.89 | BH23: -12.06 | BI23: -9.41 | BJ23: -11.97 | BK23: -5 | BL23: -1.26 | BM23: 4.88 | BN23: -11.84 | BO23: -8.66
A24: A028260 | B24: 삼성물산 | C24: S310600 | D24: % | F24: 월간수익률(현금배당포함) | G24: -6.51 | H24: 17.05 | I24: -8.62 | J24: 1.89 | K24: -2.78 | L24: 5.24 | M24: 9.05 | N24: 16.45 | O24: -5.8 | P24: -6.54 | Q24: 2.47 | R24: 9.24 | S24: 1.84 | T24: -1.45 | U24: 3.66 | V24: -6.01 | W24: -7.14 | X24: -7.69 | Y24: -7.46 | Z24: 16.88 | AA24: -10.08 | AB24: 2.8 | AC24: 3.64 | AD24: 1.31 | AE24: 4.76 | AF24: 1.65 | AG24: -2.03 | AH24: 0 | AI24: -14.11 | AJ24: 14.49 | AK24: 2.95 | AL24: -5.15 | AM24: 4.4 | AN24: -7.09 | AO24: -1.73 | AP24: 1.29 | AQ24: 0.91 | AR24: -4.43 | AS24: -2.27 | AT24: 1.35 | AU24: 2.77 | AV24: -0.84 | AW24: 11.81 | AX24: 10.74 | AY24: 6.56 | AZ24: 13.55 | BA24: 1.15 | BB24: -5.3 | BC24: -9.99 | BD24: 5.11 | BE24: 9.36 | BF24: -4.89 | BG24: -6.7 | BH24: -15.1 | BI24: 1.71 | BJ24: -1.36 | BK24: 4.44 | BL24: 1.33 | BM24: -3.79 | BN24: 4.7 | BO24: 22.38
... A31: A035720 | B31: 카카오 | C31: S310600 | D31: % | F31: 월간수익률(현금배당포함) | G31: 43.21 | H31: 1.52 | I31: 28.41 | J31: 18.49 | K31: -10.44 | L31: -9.47 | M31: 11.51 | N31: 5.88 | O31: 13.22 | P31: 10.66 | Q31: 2.05 | R31: 13.96 | S31: 8.37 | T31: 32.52 | U31: -9.82 | V31: 5.44 | W31: -23.87 | X31: 6.36 | Y31: -2.79 | Z31: -7.74 | AA31: -24.45 | AB31: 10.7 | AC31: 13.18 | AD31: -15.59 | AE31: -5.45 | AF31: -17.77 | AG31: 7.01 | AH31: -1.87 | AI31: -22.21 | AJ31: -11.21 | AK31: 11.24 | AL31: -5.75 | AM31: 15.63 | AN31: 1.63 | AO31: -2.08 | AP31: -4.91 | AQ31: -3.27 | AR31: -12.63 | AS31: 4.48 | AT31: -6.24 | AU31: -8.63 | AV31: -13.99 | AW31: 33.6 | AX31: 7.52 | AY31: -3.32 | AZ31: 1.63 | BA31: 0.75 | BB31: -9.5 | BC31: -10.91 | BD31: -6.12 | BE31: -3.57 | BF31: -5.1 | BG31: -2.82 | BH31: 2.21 | BI31: 8.52 | BJ31: -4.74 | BK31: 0.39 | BL31: 12.52 | BM31: -9.25 | BN31: -2.17 | BO31: 11.63
A32: A329180 | B32: HD현대중공업 | C32: S310600 | D32: % | F32: 월간수익률(현금배당포함) | W32: 3.59 | X32: 1.3 | Y32: -8.98 | Z32: -10.61 | AA32: 4.31 | AB32: 10.27 | AC32: 9.13 | AD32: 17.15 | AE32: -15 | AF32: 20.17 | AG32: -12.59 | AH32: 14.8 | AI32: -19.86 | AJ32: -5.22 | AK32: 8.71 | AL32: -2.11 | AM32: -4.48 | AN32: -3.97 | AO32: -6.02 | AP32: 9.6 | AQ32: 5.93 | AR32: 13.44 | AS32: 6.07 | AT32: -6.37 | AU32: -7.34 | AV32: -15.76 | AW32: 22.62 | AX32: 3.03 | AY32: -11.55 | AZ32: 3.33 | BA32: 0.08 | BB32: 16.69 | BC32: -6.54 | BD32: 20.98 | BE32: 35.52 | BF32: -8.15 | BG32: -4.75 | BH32: -1.08 | BI32: 20.48 | BJ32: 30.68 | BK32: 8.17 | BL32: -4.15 | BM32: -5.74 | BN32: 44.08 | BO32: 0.87
A33: A000810 | B33: 삼성화재 | C33: S310600 | D33: % | F33: 월간수익률(현금배당포함) | G33: -4.2 | H33: -3.56 | I33: -2.56 | J33: 9.04 | K33: -2.67 | L33: -1.65 | M33: 5.03 | N33: 4.4 | O33: -10.4 | P33: 2.98 | Q33: 9.83 | R33: 4.21 | S33: 6.82 | T33: 4.25 | U33: -2.72 | V33: 5.36 | W33: 3.98 | X33: -1.7 | Y33: -12.56 | Z33: 5.84 | AA33: -0.74 | AB33: -4.99 | AC33: 14.96 | AD33: -4.11 | AE33: -5.24 | AF33: 1 | AG33: -1.74 | AH33: -1.27 | AI33: -5.64 | AJ33: 8.69 | AK33: 2.75 | AL33: 3.84 | AM33: 1.5 | AN33: 5.66 | AO33: -3.96 | AP33: 9.22 | AQ33: 0.22 | AR33: 1.99 | AS33: 6.09 | AT33: 1.02 | AU33: 5.68 | AV33: -0.77 | AW33: 0.58 | AX33: 1.15 | AY33: 0.38 | AZ33: 12.88 | BA33: 7.9 | BB33: 1.31 | BC33: 12.42 | BD33: 11.62 | BE33: -4.24 | BF33: -6.98 | BG33: -0.58 | BH33: -2.32 | BI33: 16.64 | BJ33: -8.66 | BK33: 6.41 | BL33: 0.26 | BM33: -1.77 | BN33: 4.75 | BO33: 8.01
A34: A259960 | B34: 크래프톤 | C34: S310600 | D34: % | F34: 월간수익률(현금배당포함) | V34: 8.26 | W34: 2.14 | X34: -6.48 | Y34: 7.13 | Z34: -8.55 | AA34: -40.33 | AB34: 7.47 | AC34: -6.61 | AD34: -8.53 | AE34: 2.98 | AF34: -15.61 | AG34: 6.62 | AH34: 5.57 | AI34: -14.81 | AJ34: -15.48 | AK34: 27.89 | AL34: -25.99 | AM34: 6.72 | AN34: -5.3 | AO34: 8.07 | AP34: 4.69 | AQ34: -1.56 | AR34: 3.01 | AS34: -11.81 | AT34: -9.78 | AU34: -2.84 | AV34: 8.76 | AW34: 30.04 | AX34: -9.11 | AY34: 10.79 | AZ34: 5.83 | BA34: 8.81 | BB34: -3.04 | BC34: 4.38 | BD34: 12.6 | BE34: 4.44 | BF34: 11.22 | BG34: 4.74 | BH34: -3.36 | BI34: -5.74 | BJ34: 0.16 | BK34: 16.48 | BL34: -5.63 | BM34: -2.62 | BN34: 11.06 | BO34: -0.67
A35: A015760 | B35: 한국전력 | C35: S310600 | D35: % | F35: 월간수익률(현금배당포함) | G35: -9.43 | H35: -9.72 | I35: -2.05 | J35: 7.33 | K35: -0.49 | L35: -2.21 | M35: 7.52 | N35: 33.62 | O35: -16.61 | P35: -0.66 | Q35: 1.98 | R35: 2.16 | S35: 9.09 | T35: -3.68 | U35: 0.2 | V35: -3.62 | W35: -1.88 | X35: -4.03 | Y35: -8.19 | Z35: 6.51 | AA35: -6.79 | AB35: 12.62 | AC35: -2.37 | AD35: 1.99 | AE35: 1.08 | AF35: -3.43 | AG35: -0.89 | AH35: -6.26 | AI35: -4.06 | AJ35: -16.67 | AK35: 23.58 | AL35: 5.31 | AM35: -8.99 | AN35: -9.02 | AO35: -0.22 | AP35: 3.72 | AQ35: 2.14 | AR35: 7.97 | AS35: -6.75 | AT35: -7.24 | AU35: 1.12 | AV35: -6.11 | AW35: 11.41 | AX35: 0.26 | AY35: 4.6 | AZ35: 25.44 | BA35: -11.29 | BB35: -3.86 | BC35: -8.04 | BD35: 0.62 | BE35: 0.92 | BF35: 9.87 | BG35: -5.3 | BH35: 12.41 | BI35: 3.46 | BJ35: -15.22 | BK35: 4.99 | BL35: 1.42 | BM35: 1.4 | BN35: 18.47 | BO35: 18.32
A36: A066570 | B36: LG전자 | C36: S310600 | D36: % | F36: 월간수익률(현금배당포함) | G36: 8.01 | H36: 6.58 | I36: 11.87 | J36: 19.09 | K36: 8.91 | L36: -8.4 | M36: 1.78 | N36: 59.33 | O36: 13.33 | P36: -4.25 | Q36: 2.39 | R36: 5 | S36: -3.49 | T36: 7.56 | U36: -3.67 | V36: -9.84 | W36: -10.21 | X36: -5.49 | Y36: -4.15 | Z36: 20.2 | AA36: -7.61 | AB36: -3.14 | AC36: -2.43 | AD36: -3.32 | AE36: -9.87 | AF36: -15.91 | AG36: 6.91 | AH36: 6.99 | AI36: -22.18 | AJ36: 3.82 | AK36: 19.61 | AL36: -10.68 | AM36: 15.72 | AN36: 11.09 | AO36: 3.69 | AP36: -5.2 | AQ36: 12.35 | AR36: 3.17 | AS36: -14.44 | AT36: -9.13 | AU36: 2.44 | AV36: -1.19 | AW36: 3.01 | AX36: -0.08 | AY36: -8.15 | AZ36: 1.5 | BA36: 0.21 | BB36: -2.31 | BC36: 12.81 | BD36: 6.3 | BE36: -6.22 | BF36: -4.42 | BG36: 4.93 | BH36: -14.19 | BI36: 0.22 | BJ36: -6.91 | BK36: 0.84 | BL36: -6.3 | BM36: -1.54 | BN36: -7.51 | BO36: -0.42
A37: A033780 | B37: KT&G | C37: S310600 | D37: % | F37: 월간수익률(현금배당포함) | G37: 3.45 | H37: -6.79 | I37: 3.45 | J37: 2.72 | K37: -0.84 | L37: -1.7 | M37: 1.85 | N37: 6.53 | O37: -3.49 | P37: -2.37 | Q37: 3.96 | R37: 1.23 | S37: 2.3 | T37: 0.12 | U37: -2.49 | V37: -0.85 | W37: -0.49 | X37: -0.12 | Y37: 0.99 | Z37: 2.27 | AA37: -1.77 | AB37: 2.83 | AC37: 1.13 | AD37: 2.35 | AE37: 2.9 | AF37: -3.3 | AG37: -0.37 | AH37: 1.59 | AI37: 4.09 | AJ37: 10.51 | AK37: 4.39 | AL37: -3.4 | AM37: 1.09 | AN37: -4.11 | AO37: -5.41 | AP37: 2.26 | AQ37: -2.57 | AR37: 0.49 | AS37: -0.24 | AT37: 5.2 | AU37: -0.69 | AV37: -1.16 | AW37: 3.4 | AX37: 3.12 | AY37: 4.26 | AZ37: 2.65 | BA37: 0.54 | BB37: -4.39 | BC37: -6.6 | BD37: 7.1 | BE37: 5.78 | BF37: 15.97 | BG37: 0.65 | BH37: 0.73 | BI37: 11.03 | BJ37: -12.07 | BK37: 3.27 | BL37: -7.39 | BM37: 2.85 | BN37: 13.45 | BO37: 4.79
A38: A009540 | B38: HD한국조선해양 | C38: S310600 | D38: % | F38: 월간수익률(현금배당포함) | G38: 9.79 | H38: -3.75 | I38: 2.06 | J38: -3.36 | K38: -4.06 | L38: -5.2 | M38: 31.38 | N38: 5.34 | O38: -13.36 | P38: 19.15 | Q38: 19.2 | R38: 14.98 | S38: -7.17 | T38: -5.97 | U38: -2.61 | V38: -9.2 | W38: -13.92 | X38: 0.98 | Y38: -15.05 | Z38: 8.11 | AA38: -15.75 | AB38: 10.66 | AC38: 0.79 | AD38: 3.26 | AE38: -0.44 | AF38: 2.73 | AG38: -9.8 | AH38: 14.76 | AI38: -25 | AJ38: -0.28 | AK38: 7.7 | AL38: -9.71 | AM38: 12.59 | AN38: 2.13 | AO38: -4.68 | AP38: 9.42 | AQ38: 13.44 | AR38: 21.1 | AS38: 5.84 | AT38: 0.32 | AU38: -10.27 | AV38: -18.65 | AW38: 23.7 | AX38: 8.24 | AY38: -6.12 | AZ38: -1.41 | BA38: 5.81 | BB38: 11.06 | BC38: -0.84 | BD38: 21.78 | BE38: 30.35 | BF38: -7.54 | BG38: -1.93 | BH38: -2.29 | BI38: 11.5 | BJ38: 11.49 | BK38: 1.75 | BL38: -5.59 | BM38: -6.08 | BN38: 35.32 | BO38: 16.36
A39: A034020 | B39: 두산에너빌리티 | C39: S310600 | D39: % | F39: 월간수익률(현금배당포함) | G39: 7.13 | H39: 12.97 | I39: 117.16 | J39: 53.33 | K39: -17.39 | L39: 12.55 | M39: 21.82 | N39: -19.4 | O39: -12.96 | P39: -9.79 | Q39: 22.64 | R39: 7.31 | S39: 42.65 | T39: 19.85 | U39: -8.81 | V39: -3.91 | W39: -1.68 | X39: 18.73 | Y39: -22.13 | Z39: 11.24 | AA39: -13.24 | AB39: 17.51 | AC39: -1.68 | AD39: 0.73 | AE39: 0.73 | AF39: -6.51 | AG39: -3.35 | AH39: 8.53 | AI39: -29.98 | AJ39: -7.02 | AK39: 26.41 | AL39: -8.06 | AM39: 8.44 | AN39: -2.64 | AO39: 4.55 | AP39: -1.82 | AQ39: -3.66 | AR39: 12.62 | AS39: -3.42 | AT39: 4.17 | AU39: -9.83 | AV39: -18.32 | AW39: 17.73 | AX39: 0.63 | AY39: -2.89 | AZ39: 5.18 | BA39: 6.03 | BB39: -2.44 | BC39: 23.81 | BD39: -3.37 | BE39: -6.32 | BF39: -3.88 | BG39: -1.05 | BH39: 11.95 | BI39: 5.49 | BJ39: -17.02 | BK39: 36.18 | BL39: 6.28 | BM39: -7.68 | BN39: 23.45 | BO39: 39.38
A40: A011200 | B40: HMM | C40: S310600 | D40: % | F40: 월간수익률(현금배당포함) | G40: 30.89 | H40: -0.85 | I40: 25.51 | J40: -2.04 | K40: 25.17 | L40: 24.41 | M40: 48.83 | N40: 4.49 | O40: -2.15 | P40: 39.19 | Q40: 52.63 | R40: 35.17 | S40: 22.19 | T40: -8.35 | U40: -8.88 | V40: 5 | W40: -19.76 | X40: -20.92 | Y40: -11.45 | Z40: 16.46 | AA40: -18.59 | AB40: 31.73 | AC40: 1.04 | AD40: -2.57 | AE40: 14.26 | AF40: -24.19 | AG40: 1.02 | AH40: -10.46 | AI40: -16.85 | AJ40: 3.24 | AK40: 16.75 | AL40: -7.1 | AM40: 11.25 | AN40: 3.68 | AO40: -9.76 | AP40: 0.24 | AQ40: -12.99 | AR40: 6.2 | AS40: -7.22 | AT40: -4.75 | AU40: -2.4 | AV40: -10.39 | AW40: 6.31 | AX40: 30.94 | AY40: -1.48 | AZ40: -5.29 | BA40: -13.96 | BB40: 0.83 | BC40: 13.56 | BD40: 9.05 | BE40: -7.29 | BF40: -6.76 | BG40: 9.19 | BH40: -7.61 | BI40: 4.91 | BJ40: -1.67 | BK40: 7.81 | BL40: 5.84 | BM40: -0.15 | BN40: -6.65 | BO40: 16.65
A41: A017670 | B41: SK텔레콤 | C41: S310600 | D41: % | F41: 월간수익률(현금배당포함) | G41: 2.13 | H41: -1.84 | I41: 4.5 | J41: 12.47 | K41: -4.03 | L41: -10.08 | M41: 10.98 | N41: 4.01 | O41: 2.52 | P41: 1.43 | Q41: 11.11 | R41: 10.36 | S41: 4.45 | T41: 1.73 | U41: -5.94 | V41: -1 | W41: 9.58 | X41: -4.48 | Y41: -11.95 | Z41: 9.26 | AA41: -2.59 | AB41: -3.19 | AC41: 5.75 | AD41: 0.17 | AE41: 0.17 | AF41: -7.51 | AG41: 3.08 | AH41: -2.8 | AI41: -0.88 | AJ41: -1.38 | AK41: -0.2 | AL41: -3.57 | AM41: -1.69 | AN41: -3.11 | AO41: 8.83 | AP41: -1.24 | AQ41: 4.19 | AR41: -4.56 | AS41: -1.07 | AT41: 4.23 | AU41: 9.96 | AV41: -5.48 | AW41: 6.2 | AX41: -1.98 | AY41: 0.2 | AZ41: 4.98 | BA41: 1.17 | BB41: -2.29 | BC41: -0.59 | BD41: 2.61 | BE41: 5.05 | BF41: 2.03 | BG41: 2.75 | BH41: 1.43 | BI41: 8.29 | BJ41: -10.1 | BK41: 0.36 | BL41: 2.97 | BM41: -0.89 | BN41: -2.16 | BO41: -3.62
A42: A003550 | B42: LG | C42: S310600 | D42: % | F42: 월간수익률(현금배당포함) | G42: 1.77 | H42: 12.84 | I42: 3.93 | J42: 11.76 | K42: -10.4 | L42: -8.5 | M42: 4.13 | N42: 27.54 | O42: 13.26 | P42: -5.25 | Q42: -3.73 | R42: 39.93 | S42: -20.16 | T42: 1.48 | U42: -8.1 | V42: 1.17 | W42: -2.41 | X42: -1.94 | Y42: -14.04 | Z42: 6.72 | AA42: -8.53 | AB42: 1.62 | AC42: 1.59 | AD42: -4.06 | AE42: 9.41 | AF42: -2.87 | AG42: 4.11 | AH42: 1.11 | AI42: -9.76 | AJ42: 7.03 | AK42: 6.19 | AL42: -3.63 | AM42: 6.02 | AN42: -0.6 | AO42: 0.61 | AP42: 5.55 | AQ42: -1.6 | AR42: 2.32 | AS42: -5.11 | AT42: -1.68 | AU42: 2.07 | AV42: -7.88 | AW42: 8.94 | AX42: 5.95 | AY42: -4.54 | AZ42: 14.27 | BA42: -6.62 | BB42: -9.26 | BC42: 2.39 | BD42: -0.86 | BE42: 7.57 | BF42: -8.65 | BG42: -0.13 | BH42: -4.3 | BI42: -1.06 | BJ42: -3.87 | BK42: 4.03 | BL42: -11.22 | BM42: 1.6 | BN42: 3.09 | BO42: 6.61
A43: A267260 | B43: HD현대일렉트릭 | C43: S310600 | D43: % | F43: 월간수익률(현금배당포함) | G43: 0.24 | H43: -4.23 | I43: 57.2 | J43: -5.62 | K43: 30.21 | L43: -1.96 | M43: 8 | N43: 1.23 | O43: 2.13 | P43: 5.37 | Q43: 18.7 | R43: 5.25 | S43: -0.68 | T43: -5.94 | U43: 14.32 | V43: 5.94 | W43: 11.42 | X43: -20.5 | Y43: -1.36 | Z43: -8.72 | AA43: -12.31 | AB43: 16.9 | AC43: 5.15 | AD43: 1.86 | AE43: 3.2 | AF43: 12.42 | AG43: 8.28 | AH43: 16.39 | AI43: -0.31 | AJ43: 7.85 | AK43: 22.41 | AL43: 2.22 | AM43: -5.77 | AN43: 4.99 | AO43: -9.87 | AP43: 33.51 | AQ43: -3.36 | AR43: 33.13 | AS43: 14.13 | AT43: -5.25 | AU43: -5.4 | AV43: 12.61 | AW43: 12.13 | AX43: -1.04 | AY43: 24.94 | AZ43: 21.13 | BA43: 44.21 | BB43: 37.68 | BC43: 21.86 | BD43: 2.99 | BE43: 0 | BF43: -1.45 | BG43: 8.23 | BH43: -0.61 | BI43: 6.72 | BJ43: 9.3 | BK43: 7.33 | BL43: -19.75 | BM43: -10.29 | BN43: 5.31 | BO43: 23.25
A44: A316140 | B44: 우리금융지주 | C44: S310600 | D44: % | F44: 월간수익률(현금배당포함) | G44: 8.17 | H44: -3.51 | I44: -3.52 | J44: -0.47 | K44: 1.42 | L44: 3.61 | M44: 10.57 | N44: 2.66 | O44: -9.56 | P44: 8.86 | Q44: 5.43 | R44: 5.94 | S44: 4.2 | T44: 2.69 | U44: -3.95 | V44: 3.69 | W44: 3.55 | X44: 13.73 | Y44: -4.91 | Z44: 6.68 | AA44: 15.35 | AB44: -2.39 | AC44: 7.34 | AD44: -3.91 | AE44: 1.02 | AF44: -17.78 | AG44: -1.65 | AH44: 2.52 | AI44: -12.3 | AJ44: 9.81 | AK44: 10.64 | AL44: -3.78 | AM44: 10.73 | AN44: -4.61 | AO44: -6.48 | AP44: 2.8 | AQ44: 2.13 | AR44: -0.06 | AS44: -1.19 | AT44: 2.23 | AU44: 4.45 | AV44: -2.94 | AW44: 9.41 | AX44: -0.15 | AY44: 6.77 | AZ44: 12.08 | BA44: -2.71 | BB44: -0.63 | BC44: -0.42 | BD44: 4.96 | BE44: 7.15 | BF44: 1.78 | BG44: -2.15 | BH44: -0.45 | BI44: 8.29 | BJ44: -8.02 | BK44: 4.75 | BL44: 6.98 | BM44: -0.48 | BN44: 7.33 | BO44: 10.04
A45: A402340 | B45: SK스퀘어 | C45: S310600 | D45: % | F45: 월간수익률(현금배당포함) | Y45: -10.53 | Z45: -2.35 | AA45: -17.17 | AB45: 1.45 | AC45: 1.79 | AD45: -7.22 | AE45: -10.25 | AF45: -17.44 | AG45: 9.47 | AH45: -5.26 | AI45: -10.74 | AJ45: 2.21 | AK45: 1.35 | AL45: -10.41 | AM45: 8.05 | AN45: 5.79 | AO45: 3.65 | AP45: 6.79 | AQ45: 8.72 | AR45: -4.12 | AS45: 0.34 | AT45: 1.58 | AU45: -5.88 | AV45: 0.23 | AW45: 19.86 | AX45: 3.14 | AY45: -1.33 | AZ45: 34.68 | BA45: 13.02 | BB45: -3.17 | BC45: 1.44 | BD45: 28.86 | BE45: -13.8 | BF45: -8.93 | BG45: 2.93 | BH45: 4.95 | BI45: -13.33 | BJ45: 7.89 | BK45: 18.66 | BL45: -4.25 | BM45: 3.66 | BN45: -4.82 | BO45: 29.13
A46: A024110 | B46: 기업은행 | C46: S310600 | D46: % | F46: 월간수익률(현금배당포함) | G46: 4.81 | H46: -2.42 | I46: 0.37 | J46: -0.25 | K46: -0.99 | L46: 2 | M46: 13.83 | N46: 0.09 | O46: -11.43 | P46: 6.38 | Q46: 9.96 | R46: 5.78 | S46: 11.45 | T46: -2.78 | U46: -1.91 | V46: 0 | W46: 1.94 | X46: 5.24 | Y46: -6.79 | Z46: 7.46 | AA46: 0.48 | AB46: 3.86 | AC46: 0.93 | AD46: 3.69 | AE46: 0 | AF46: -14.49 | AG46: -2.39 | AH46: 1.92 | AI46: -0.52 | AJ46: 9.77 | AK46: 7.18 | AL46: -3.91 | AM46: 4.38 | AN46: 1.27 | AO46: -2.7 | AP46: -0.4 | AQ46: 1.49 | AR46: 1.27 | AS46: 0.48 | AT46: 3.56 | AU46: 4.18 | AV46: -0.36 | AW46: 5.91 | AX46: 0.25 | AY46: 5.56 | AZ46: 11.82 | BA46: 3.23 | BB46: 3.33 | BC46: -1.36 | BD46: 1.89 | BE46: -0.14 | BF46: -1.36 | BG46: 1.16 | BH46: 0.93 | BI46: 5.53 | BJ46: -3.7 | BK46: 8.37 | BL46: 0.39 | BM46: -2.11 | BN46: 7.87 | BO46: 2.61
A47: A096770 | B47: SK이노베이션 | C47: S310600 | D47: % | F47: 월간수익률(현금배당포함) | G47: 20.55 | H47: 10.55 | I47: -3.05 | J47: 14.17 | K47: -4.14 | L47: -9.71 | M47: 37.85 | N47: 9.83 | O47: 47.37 | P47: -6.97 | Q47: -15.93 | R47: 23.51 | S47: -2.03 | T47: 11.51 | U47: -14.38 | V47: -1.38 | W47: 6.21 | X47: -8.49 | Y47: -19.79 | Z47: 22.62 | AA47: -9.43 | AB47: -7.18 | AC47: 7.23 | AD47: -4.65 | AE47: 5.12 | AF47: -10.91 | AG47: -2.34 | AH47: 1.33 | AI47: -24.47 | AJ47: 20.56 | AK47: 3.47 | AL47: -13.97 | AM47: 5.26 | AN47: -7.4 | AO47: 19.45 | AP47: -3.46 | AQ47: 9.24 | AR47: -16.18 | AS47: 36.28 | AT47: -16.48 | AU47: -16.17 | AV47: -17.88 | AW47: 17.1 | AX47: -1.96 | AY47: -16.54 | AZ47: 0 | BA47: -0.94 | BB47: -4.23 | BC47: -9.99 | BD47: 16.1 | BE47: -10.25 | BF47: 5.57 | BG47: 6.45 | BH47: 0.26 | BI47: -2.39 | BJ47: -2.27 | BK47: 13.84 | BL47: -1.41 | BM47: -10.58 | BN47: -14.49 | BO47: -5.19
A48: A030200 | B48: KT | C48: S310600 | D48: % | F48: 월간수익률(현금배당포함) | G48: 2.1 | H48: -3.29 | I48: 1.06 | J48: 0.42 | K48: -3.98 | L48: -3.7 | M48: 9.73 | N48: 4.49 | O48: -0.21 | P48: 8.56 | Q48: 8.65 | R48: 0.35 | S48: 20.63 | T48: -7.02 | U48: 6.29 | V48: -2.96 | W48: -0.61 | X48: -6.44 | Y48: -0.66 | Z48: 7.21 | AA48: 2.12 | AB48: 2.4 | AC48: 11.56 | AD48: 0.28 | AE48: 5.86 | AF48: -3.83 | AG48: 3.57 | AH48: -1.46 | AI48: -2.69 | AJ48: 1.1 | AK48: 2.18 | AL48: -4.39 | AM48: 3.7 | AN48: -13.12 | AO48: -3.28 | AP48: 1.87 | AQ48: 5.17 | AR48: -5.55 | AS48: -1.01 | AT48: 11.86 | AU48: 0.45 | AV48: -1.51 | AW48: 2.76 | AX48: 8.53 | AY48: 2.91 | AZ48: 10.45 | BA48: -2.31 | BB48: -8.22 | BC48: 5.78 | BD48: 3.59 | BE48: 6.55 | BF48: -3.14 | BG48: 5.44 | BH48: 10.32 | BI48: 10.03 | BJ48: -10.14 | BK48: 9.46 | BL48: -1.06 | BM48: 6.8 | BN48: 4.43 | BO48: -1.93
A49: A000100 | B49: 유한양행 | C49: S310600 | D49: % | F49: 월간수익률(현금배당포함) | G49: 10.07 | H49: -2.51 | I49: 13.24 | J49: 16.93 | K49: -4.18 | L49: -7.32 | M49: 8.23 | N49: 22.49 | O49: -12.52 | P49: -5.63 | Q49: 1.61 | R49: 2.06 | S49: 2.18 | T49: -3.96 | U49: -2.38 | V49: 1.46 | W49: -1.6 | X49: -2.6 | Y49: -3.51 | Z49: 12.94 | AA49: -8.86 | AB49: 2.65 | AC49: 0.52 | AD49: 4.62 | AE49: -1.15 | AF49: -7.29 | AG49: 3.21 | AH49: -1.73 | AI49: -4.4 | AJ49: 10.13 | AK49: -2.34 | AL49: 3.07 | AM49: -8.57 | AN49: 0.76 | AO49: -3.99 | AP49: 13.83 | AQ49: 2.95 | AR49: 1.85 | AS49: 20.86 | AT49: -0.27 | AU49: 4.12 | AV49: -24.28 | AW49: 6.79 | AX49: 18.01 | AY49: -13.95 | AZ49: 13.85 | BA49: 13.8 | BB49: -5.61 | BC49: -4.97 | BD49: 17.59 | BE49: 16.69 | BF49: 49.36 | BG49: 1.13 | BH49: -2.74 | BI49: -16.8 | BJ49: 4.01 | BK49: 8.45 | BL49: -5.94 | BM49: -10.42 | BN49: 4.21 | BO49: -8.35
A50: A018260 | B50: 삼성에스디에스 | C50: S310600 | D50: % | F50: 월간수익률(현금배당포함) | G50: 17.23 | H50: -11.55 | I50: -1.19 | J50: -5.41 | K50: 7.62 | L50: -0.59 | M50: 2.67 | N50: 4.57 | O50: 9.52 | P50: -0.51 | Q50: -0.52 | R50: -5.43 | S50: -0.82 | T50: 1.93 | U50: -1.35 | V50: -5.48 | W50: -6.96 | X50: -4.67 | Y50: -6.21 | Z50: 10.7 | AA50: -10.22 | AB50: -0.36 | AC50: -1.07 | AD50: 7.22 | AE50: 0 | AF50: -12.46 | AG50: 4.61 | AH50: -5.52 | AI50: -10.51 | AJ50: 8.69 | AK50: 2 | AL50: -1.07 | AM50: 1.63 | AN50: 0.24 | AO50: -7.42 | AP50: 1.12 | AQ50: 5.97 | AR50: -1.13 | AS50: 4.39 | AT50: 10.68 | AU50: -4.79 | AV50: 2.22 | AW50: 21.85 | AX50: 2.56 | AY50: -10.59 | AZ50: 5.26 | BA50: 2.19 | BB50: -2.08 | BC50: -4.31 | BD50: -3.07 | BE50: -0.61 | BF50: 2.1 | BG50: 2.65 | BH50: -7.5 | BI50: 2.51 | BJ50: -10.91 | BK50: -5.56 | BL50: 2.15 | BM50: -5.76 | BN50: 10.5 | BO50: 1.4
A51: A034730 | B51: SK | C51: S310600 | D51: % | F51: 월간수익률(현금배당포함) | G51: 31.32 | H51: 22.17 | I51: -23.88 | J51: -3.39 | K51: -7.24 | L51: -8.06 | M51: 15.89 | N51: 16.61 | O51: 29.31 | P51: -15.6 | Q51: 7.43 | R51: -2.13 | S51: -3.99 | T51: 7.17 | U51: -5.13 | V51: -1.68 | W51: 1.71 | X51: -9.33 | Y51: 6.79 | Z51: -0.81 | AA51: -12.95 | AB51: 4.12 | AC51: 6.37 | AD51: 10.74 | AE51: -7.46 | AF51: -12.71 | AG51: 2.32 | AH51: 5.91 | AI51: -17.6 | AJ51: 11.46 | AK51: 2.34 | AL51: -12.16 | AM51: 4.81 | AN51: -9.84 | AO51: -3.42 | AP51: -5.8 | AQ51: 3.26 | AR51: -11.38 | AS51: 2.76 | AT51: -4.5 | AU51: 1.18 | AV51: -2.87 | AW51: 15.21 | AX51: 8.8 | AY51: 3.09 | AZ51: 4.52 | BA51: -5.06 | BB51: -7.06 | BC51: 6.14 | BD51: -10.16 | BE51: -5.31 | BF51: -3.43 | BG51: 6.98 | BH51: -3.26 | BI51: -7.83 | BJ51: -3.73 | BK51: 12.62 | BL51: -2.9 | BM51: -6.05 | BN51: 2.16 | BO51: 23.64
A52: A323410 | B52: 카카오뱅크 | C52: S310600 | D52: % | F52: 월간수익률(현금배당포함) | V52: 20.2 | W52: -18.48 | X52: -7.75 | Y52: 3.96 | Z52: -10.06 | AA52: -30.51 | AB52: 17.07 | AC52: 7.5 | AD52: -17.93 | AE52: -4.01 | AF52: -25.58 | AG52: 2.15 | AH52: -11.65 | AI52: -26.56 | AJ52: -14.71 | AK52: 46.49 | AL52: -2.68 | AM52: 11.52 | AN52: -1.66 | AO52: -9.38 | AP52: -8.9 | AQ52: 19.09 | AR52: -9.35 | AS52: 9.47 | AT52: 1.34 | AU52: -11.39 | AV52: -22.23 | AW52: 44.27 | AX52: 9.37 | AY52: -4.21 | AZ52: 4.21 | BA52: -3.16 | BB52: -8.89 | BC52: -11.36 | BD52: -8.77 | BE52: 5.42 | BF52: 3.27 | BG52: -4.3 | BH52: 2.36 | BI52: 3.23 | BJ52: -5.82 | BK52: 0.71 | BL52: 17.94 | BM52: -10.55 | BN52: 1.13 | BO52: 5.38
A53: A326030 | B53: SK바이오팜 | C53: S310600 | D53: % | F53: 월간수익률(현금배당포함) | I53: 43.31 | J53: -10.17 | K53: -4.28 | L53: 1.92 | M53: 17.55 | N53: -9.87 | O53: -14.2 | P53: -18.62 | Q53: -12.71 | R53: 5.82 | S53: 4.13 | T53: 8.37 | U53: -3.25 | V53: 5.46 | W53: -18.73 | X53: -7.26 | Y53: 0.74 | Z53: 1.99 | AA53: -22.02 | AB53: 11.61 | AC53: 6.15 | AD53: 2.23 | AE53: -5.56 | AF53: -13.61 | AG53: 4.14 | AH53: -8.21 | AI53: -20.53 | AJ53: 2.11 | AK53: 26.68 | AL53: -2.04 | AM53: 0.41 | AN53: -7.87 | AO53: -5.1 | AP53: 9 | AQ53: 6.52 | AR53: 10.07 | AS53: 0.62 | AT53: 5.28 | AU53: 0.58 | AV53: -12.53 | AW53: 14.19 | AX53: 16.61 | AY53: -7.37 | AZ53: 4.19 | BA53: -5.37 | BB53: -4.47 | BC53: -2.51 | BD53: -9.25 | BE53: 10.58 | BF53: 34.19 | BG53: -9.57 | BH53: 13.36 | BI53: -12.3 | BJ53: 7.45 | BK53: -1.8 | BL53: 4.49 | BM53: -12.9 | BN53: 7.25 | BO53: -12.68
A54: A047050 | B54: 포스코인터내셔널 | C54: S310600 | D54: % | F54: 월간수익률(현금배당포함) | G54: 12.67 | H54: -12.81 | I54: -0.72 | J54: -1.81 | K54: -1.47 | L54: -0.75 | M54: 0 | N54: 14.66 | O54: 13.4 | P54: 35.45 | Q54: -9.84 | R54: 4.22 | S54: -1.43 | T54: 12.56 | U54: 10.94 | V54: -11.99 | W54: 5.05 | X54: -9.21 | Y54: -13.83 | Z54: 24.29 | AA54: -9.35 | AB54: 1.47 | AC54: 4.12 | AD54: 14.88 | AE54: -4.25 | AF54: -18.61 | AG54: 6.75 | AH54: 30.66 | AI54: -22.16 | AJ54: -1.2 | AK54: 16.22 | AL54: -1.84 | AM54: 3.76 | AN54: -3.63 | AO54: -1.33 | AP54: 20.18 | AQ54: 12.31 | AR54: 32.39 | AS54: 126.1 | AT54: -12.1 | AU54: -9.85 | AV54: -29.83 | AW54: 14.17 | AX54: 9.09 | AY54: -15.71 | AZ54: 6.65 | BA54: -3.93 | BB54: -12.48 | BC54: -7.02 | BD54: 51.92 | BE54: -18.96 | BF54: 6.41 | BG54: 1.24 | BH54: -8.41 | BI54: -9.75 | BJ54: -16 | BK54: 6.05 | BL54: 23.42 | BM54: -2.23 | BN54: 0.2 | BO54: -0.61
A55: A086280 | B55: 현대글로비스 | C55: S310600 | D55: % | F55: 월간수익률(현금배당포함) | G55: 11.33 | H55: -10.18 | I55: 9.85 | J55: 30.49 | K55: -1.03 | L55: 16.32 | M55: 6.27 | N55: 5.39 | O55: 3.26 | P55: 1.58 | Q55: -2.85 | R55: 2.4 | S55: -1.56 | T55: 10.58 | U55: -6.94 | V55: -0.26 | W55: -14.18 | X55: 0.6 | Y55: -13.14 | Z55: 18.01 | AA55: -3.27 | AB55: 8.31 | AC55: 9.37 | AD55: 8.57 | AE55: 1.43 | AF55: -15.33 | AG55: 1.39 | AH55: -3.02 | AI55: -7.93 | AJ55: 7.08 | AK55: 1.44 | AL55: -4.24 | AM55: 1.47 | AN55: -4.4 | AO55: -0.06 | AP55: 3.28 | AQ55: 3.24 | AR55: 16.98 | AS55: -11.84 | AT55: -1.03 | AU55: 6.9 | AV55: -7.21 | AW55: 1.52 | AX55: 10.25 | AY55: -8.67 | AZ55: 8.92 | BA55: -5.42 | BB55: 4.54 | BC55: -1.37 | BD55: 22 | BE55: 10.91 | BF55: -7.82 | BG55: 9.02 | BH55: 0 | BI55: 0.74 | BJ55: -3.98 | BK55: 26.5 | BL55: -12.92 | BM55: -10.82 | BN55: 1.42 | BO55: -0.53
A56: A042700 | B56: 한미반도체 | C56: S310600 | D56: % | F56: 월간수익률(현금배당포함) | G56: 17.88 | H56: -19.07 | I56: 58.63 | J56: -14.77 | K56: 3.46 | L56: 3.83 | M56: 12.44 | N56: 51.67 | O56: 4.42 | P56: 17.19 | Q56: 10.16 | R56: 41.19 | S56: -5.37 | T56: 3.83 | U56: 8.27 | V56: -5.73 | W56: -9.99 | X56: 3.38 | Y56: 1.4 | Z56: 17.99 | AA56: -2.51 | AB56: -9.49 | AC56: 4.79 | AD56: -12.57 | AE56: -5.88 | AF56: -12.85 | AG56: 7.57 | AH56: -10.74 | AI56: -10.37 | AJ56: 9.26 | AK56: 13.56 | AL56: -12.74 | AM56: 23.56 | AN56: 12.31 | AO56: 29.7 | AP56: -0.73 | AQ56: 29.2 | AR56: 13.56 | AS56: 60.86 | AT56: 23.3 | AU56: -11.87 | AV56: -0.38 | AW56: 21.14 | AX56: -2.99 | AY56: -4.86 | AZ56: 44.46 | BA56: 58.32 | BB56: 0.97 | BC56: 19.78 | BD56: 6.55 | BE56: -23.85 | BF56: -12.73 | BG56: -5.42 | BH56: -15.05 | BI56: -18.91 | BJ56: 10.59 | BK56: 37.21 | BL56: -17.4 | BM56: -26.46 | BN56: 11.58 | BO56: 5.65
A57: A009150 | B57: 삼성전기 | C57: S310600 | D57: % | F57: 월간수익률(현금배당포함) | G57: 10.13 | H57: 3.2 | I57: 8.91 | J57: -11.39 | K57: 11.65 | L57: -3.96 | M57: 16.85 | N57: 15 | O57: 14.61 | P57: -7.11 | Q57: -1.06 | R57: -4.53 | S57: -4.75 | T57: 3.81 | U57: 8.47 | V57: -3.91 | W57: -3.8 | X57: -10.42 | Y57: 4.72 | Z57: 19.88 | AA57: -9.87 | AB57: -6.74 | AC57: -0.6 | AD57: 0.61 | AE57: -6.93 | AF57: -15.53 | AG57: 9.19 | AH57: -1.76 | AI57: -20 | AJ57: 8.03 | AK57: 16.53 | AL57: -6 | AM57: 9.35 | AN57: 0.91 | AO57: 6.04 | AP57: -5.76 | AQ57: 2.5 | AR57: -2.03 | AS57: 0.62 | AT57: -6.88 | AU57: 1.48 | AV57: -9.54 | AW57: 17.22 | AX57: 5.95 | AY57: -8.88 | AZ57: 0.29 | BA57: 6.21 | BB57: 4.84 | BC57: -0.58 | BD57: 1.93 | BE57: 1.01 | BF57: -10.53 | BG57: -7.21 | BH57: -10.64 | BI57: -8.78 | BJ57: 16.29 | BK57: 8.32 | BL57: 0.67 | BM57: -4.37 | BN57: -8.83 | BO57: 3.82
A58: A003490 | B58: 대한항공 | C58: S310600 | D58: % | F58: 월간수익률(현금배당포함) | G58: 4.54 | H58: 0.23 | I58: 0.29 | J58: 1.44 | K58: 6.8 | L58: 5.83 | M58: 27.82 | N58: 6.67 | O58: 36.08 | P58: -1.92 | Q58: -3.38 | R58: -1.1 | S58: 18.77 | T58: -1.41 | U58: -5.08 | V58: 4.68 | W58: 7.67 | X58: -9.64 | Y58: -12.97 | Z58: 10.75 | AA58: -3.58 | AB58: 3.53 | AC58: 3.07 | AD58: -0.17 | AE58: -3.65 | AF58: -13.25 | AG58: 0.4 | AH58: 6.13 | AI58: -17.69 | AJ58: 4.52 | AK58: 10.17 | AL58: -7.04 | AM58: 5.66 | AN58: -6.19 | AO58: 1.98 | AP58: -1.51 | AQ58: -3.28 | AR58: 10.18 | AS58: 1.03 | AT58: -7.32 | AU58: -4.61 | AV58: -5.75 | AW58: 9.51 | AX58: 9.86 | AY58: -5.86 | AZ58: 2.22 | BA58: -5.65 | BB58: -3.46 | BC58: -0.48 | BD58: 11.51 | BE58: -8.6 | BF58: 3.76 | BG58: 2.27 | BH58: 5.99 | BI58: 8.58 | BJ58: -10.11 | BK58: 9.73 | BL58: -4.84 | BM58: -9.75 | BN58: -1.64 | BO58: 7.4
A59: A010140 | B59: 삼성중공업 | C59: S310600 | D59: % | F59: 월간수익률(현금배당포함) | G59: 12.37 | H59: 23.57 | I59: -3.87 | J59: -9.79 | K59: 3.29 | L59: -5.25 | M59: 35.25 | N59: 3.07 | O59: -11.79 | P59: 5.63 | Q59: 18.44 | R59: -3.48 | S59: -19.33 | T59: 10.91 | U59: -2.53 | V59: -3.67 | W59: 5.05 | X59: 2.9 | Y59: -20.53 | Z59: 11.83 | AA59: -8.64 | AB59: 12.35 | AC59: -2.41 | AD59: 6.69 | AE59: -2.15 | AF59: 2.36 | AG59: -7.41 | AH59: 6.23 | AI59: -11.06 | AJ59: -3.01 | AK59: 1.16 | AL59: -1.92 | AM59: 13.31 | AN59: -5.01 | AO59: -6 | AP59: 9.86 | AQ59: 7.75 | AR59: 8.99 | AS59: 35.38 | AT59: -2.44 | AU59: -11.01 | AV59: -13.01 | AW59: 17.01 | AX59: -2.88 | AY59: -5.68 | AZ59: 8.07 | BA59: 8.35 | BB59: 10.4 | BC59: -3.07 | BD59: 2.07 | BE59: 25.24 | BF59: -10.42 | BG59: -4.39 | BH59: -4.39 | BI59: 21.17 | BJ59: -2.75 | BK59: 15.13 | BL59: 7.22 | BM59: -3.37 | BN59: 8.08 | BO59: 15.99
A60: A042660 | B60: 한화오션 | C60: S310600 | D60: % | F60: 월간수익률(현금배당포함) | G60: 27.11 | H60: 24.08 | I60: -12.57 | J60: -6.34 | K60: 7.45 | L60: -10.29 | M60: 26.7 | N60: 1.29 | O60: -10.77 | P60: 4.09 | Q60: 11.2 | R60: 29.68 | S60: -8.18 | T60: 6.23 | U60: -9.22 | V60: -13.69 | W60: -4.1 | X60: -4.09 | Y60: -10.47 | Z60: -0.22 | AA60: -14.32 | AB60: 34.18 | AC60: -6.42 | AD60: 6.05 | AE60: -16.16 | AF60: 8.84 | AG60: -17.29 | AH60: 1.51 | AI60: -5.96 | AJ60: -3.43 | AK60: 4.37 | AL60: -0.79 | AM60: 21.64 | AN60: 11.71 | AO60: -4.86 | AP60: 10 | AQ60: 5.19 | AR60: 32.98 | AS60: 24 | AT60: -17.97 | AU60: -9.16 | AV60: -23.75 | AW60: 15.68 | AX60: -8.06 | AY60: -12.55 | AZ60: 7.52 | BA60: 16.95 | BB60: 16.12 | BC60: -7.33 | BD60: 2.86 | BE60: 0 | BF60: 13.09 | BG60: -11.58 | BH60: -12.44 | BI60: 30.84 | BJ60: 6.71 | BK60: 53.14 | BL60: 29.89 | BM60: -9.69 | BN60: 16.99 | BO60: -0.64
A61: A450080 | B61: 에코프로머티 | C61: S310600 | D61: % | F61: 월간수익률(현금배당포함) | AW61: 139.51 | AX61: 37.59 | AY61: -20.74 | AZ61: 29.25 | BA61: -32.26 | BB61: -10.25 | BC61: -32.37 | BD61: 14.48 | BE61: -10.89 | BF61: 12.1 | BG61: 48.57 | BH61: -16.61 | BI61: -24.45 | BJ61: -22.59 | BK61: 7.9 | BL61: 22.25 | BM61: -33.41 | BN61: -3.98 | BO61: -18.74
A62: A005830 | B62: DB손해보험 | C62: S310600 | D62: % | F62: 월간수익률(현금배당포함) | G62: -1.7 | H62: -1.27 | I62: 9.92 | J62: -7.33 | K62: 3.55 | L62: -2.1 | M62: -0.57 | N62: 4.44 | O62: -15.89 | P62: 12.5 | Q62: 14.25 | R62: 3.49 | S62: 3.57 | T62: 8.09 | U62: 4.2 | V62: 2.8 | W62: 8.35 | X62: -6.92 | Y62: -9.12 | Z62: 6.88 | AA62: 11.48 | AB62: 2.66 | AC62: 13.11 | AD62: -3.72 | AE62: -3.42 | AF62: -5.69 | AG62: -1.14 | AH62: -1.49 | AI62: -7.54 | AJ62: 1.99 | AK62: 10.3 | AL62: 12.48 | AM62: 0.46 | AN62: 17.38 | AO62: -2.73 | AP62: 12.15 | AQ62: -11.91 | AR62: 0.81 | AS62: 1.21 | AT62: 8.21 | AU62: 9.42 | AV62: -1.68 | AW62: -4.78 | AX62: 0 | AY62: 5.02 | AZ62: 12.4 | BA62: 1.12 | BB62: 2.74 | BC62: 6.37 | BD62: 10.63 | BE62: -3.49 | BF62: 4.98 | BG62: -3.19 | BH62: -2.67 | BI62: -0.09 | BJ62: -5.86 | BK62: -5.55 | BL62: -5.87 | BM62: 4.23 | BN62: 2.93 | BO62: 10.2
A63: A352820 | B63: 하이브 | C63: S310600 | D63: % | F63: 월간수익률(현금배당포함) | L63: -44.96 | M63: 26.41 | N63: -10.86 | O63: 27.81 | P63: 0.98 | Q63: 17.67 | R63: 1.01 | S63: 9.05 | T63: 10.38 | U63: -1.03 | V63: 0 | W63: 3.11 | X63: 12.23 | Y63: 8.8 | Z63: -4.25 | AA63: -32.09 | AB63: 21.73 | AC63: 7.28 | AD63: -18.74 | AE63: -8.15 | AF63: -37.01 | AG63: 20.62 | AH63: 3.42 | AI63: -25.62 | AJ63: -10.37 | AK63: 18.18 | AL63: 21.33 | AM63: 10.49 | AN63: -3.44 | AO63: 2.05 | AP63: 42.93 | AQ63: 1.48 | AR63: 2.74 | AS63: -6.75 | AT63: -3.81 | AU63: -5.74 | AV63: -7.77 | AW63: -1.82 | AX63: 8.68 | AY63: -13.71 | AZ63: -1.19 | BA63: 15.52 | BB63: -12.17 | BC63: -0.99 | BD63: 1.25 | BE63: -13.09 | BF63: 4.77 | BG63: -8.46 | BH63: 9.89 | BI63: 5.23 | BJ63: -0.92 | BK63: 16.34 | BL63: 14.44 | BM63: -8.47 | BN63: 13.37 | BO63: -0.38
A64: A090430 | B64: 아모레퍼시픽 | C64: S310600 | D64: % | F64: 월간수익률(현금배당포함) | G64: -7.91 | H64: 2.76 | I64: -0.9 | J64: 1.2 | K64: -2.38 | L64: -3.66 | M64: 13.29 | N64: 15.53 | O64: 8.25 | P64: 5.16 | Q64: 10.23 | R64: 4.64 | S64: 6.1 | T64: -12.2 | U64: -12.1 | V64: 2.71 | W64: -21.54 | X64: 1.68 | Y64: -13.5 | Z64: 6.96 | AA64: -7.19 | AB64: 18.71 | AC64: -13.04 | AD64: 13.12 | AE64: -9.67 | AF64: -20.49 | AG64: -0.77 | AH64: -4.65 | AI64: -17.07 | AJ64: -9.12 | AK64: 40.78 | AL64: 5.87 | AM64: 5.82 | AN64: -4.88 | AO64: -1.16 | AP64: -9.87 | AQ64: -15.25 | AR64: -6.6 | AS64: 15.47 | AT64: 18.81 | AU64: -8.89 | AV64: 3.61 | AW64: 2.29 | AX64: 12.88 | AY64: -18.62 | AZ64: 1.36 | BA64: 1.5 | BB64: 39.62 | BC64: 14.57 | BD64: -13.85 | BE64: 8.61 | BF64: -31.54 | BG64: 18.73 | BH64: -21.06 | BI64: -10.64 | BJ64: 0.57 | BK64: 23.76 | BL64: -9.64 | BM64: -12.54 | BN64: 22.68 | BO64: 7.47
A65: A064350 | B65: 현대로템 | C65: S310600 | D65: % | F65: 월간수익률(현금배당포함) | G65: -12.5 | H65: -2.54 | I65: 17.59 | J65: -16.07 | K65: 5.28 | L65: -6.58 | M65: 6.04 | N65: 8.86 | O65: 11.92 | P65: 1.82 | Q65: 3.83 | R65: -0.98 | S65: 5.21 | T65: 14.39 | U65: 2.47 | V65: 7.04 | W65: -9.02 | X65: -7.03 | Y65: -16 | Z65: 10.05 | AA65: -10.58 | AB65: 6.45 | AC65: 2.78 | AD65: -6.39 | AE65: 1.57 | AF65: 7.49 | AG65: 27.64 | AH65: 14.12 | AI65: -16.5 | AJ65: -3.76 | AK65: 30.8 | AL65: -10.83 | AM65: -2.82 | AN65: -9.6 | AO65: 3.41 | AP65: 27.52 | AQ65: -5.93 | AR65: 18.09 | AS65: -14.23 | AT65: -1.91 | AU65: -9.76 | AV65: -16.22 | AW65: 14.19 | AX65: 0.57 | AY65: 6.58 | AZ65: 17.99 | BA65: 10.01 | BB65: 1.36 | BC65: -3.62 | BD65: 13.49 | BE65: 19.85 | BF65: 10.43 | BG65: -0.74 | BH65: 16.42 | BI65: -18.91 | BJ65: -1.78 | BK65: 19.11 | BL65: 32.09 | BM65: 34.53 | BN65: 6.86 | BO65: 30.48
A66: A010950 | B66: S-Oil | C66: S310600 | D66: % | F66: 월간수익률(현금배당포함) | G66: 1 | H66: -10.18 | I66: -3.94 | J66: -7.38 | K66: -8.67 | L66: 5.23 | M66: 28.18 | N66: -0.58 | O66: -1.45 | P66: 24.63 | Q66: -4.47 | R66: 7.26 | S66: 7.46 | T66: 10.58 | U66: -4.1 | V66: -3.26 | W66: 15.67 | X66: -6.82 | Y66: -22.05 | Z66: 10.68 | AA66: 5.02 | AB66: -6.11 | AC66: 14.44 | AD66: 7.03 | AE66: 12.08 | AF66: -8.27 | AG66: -11.73 | AH66: 10.57 | AI66: -20.2 | AJ66: 6.67 | AK66: 0.92 | AL66: -1.03 | AM66: 5.75 | AN66: -8.5 | AO66: -0.74 | AP66: -6.87 | AQ66: -3.22 | AR66: -7.34 | AS66: 12.29 | AT66: -2.54 | AU66: 8.49 | AV66: -16.16 | AW66: 2.71 | AX66: 4.27 | AY66: -1.87 | AZ66: 11.86 | BA66: 2.75 | BB66: -7.39 | BC66: -6.19 | BD66: -2.49 | BE66: 2.1 | BF66: -7.93 | BG66: -1.92 | BH66: -6.37 | BI66: 0 | BJ66: -4.36 | BK66: 11.31 | BL66: -6.72 | BM66: -1.41 | BN66: -7.1 | BO66: 4.61
A67: A267250 | B67: HD현대 | C67: S310600 | D67: % | F67: 월간수익률(현금배당포함) | G67: 11.32 | H67: -9.06 | I67: -3.86 | J67: -4.44 | K67: -3.54 | L67: -1.61 | M67: 30.3 | N67: 7.89 | O67: -17.11 | P67: 15.11 | Q67: 7.76 | R67: 20.75 | S67: 0.14 | T67: 3.04 | U67: -3.25 | V67: -4.67 | W67: -0.92 | X67: -2.32 | Y67: -16.3 | Z67: 8.38 | AA67: -10.89 | AB67: 7.42 | AC67: 4.67 | AD67: 8.36 | AE67: 7.2 | AF67: -3.52 | AG67: -4.21 | AH67: 11.07 | AI67: -14.4 | AJ67: 12.57 | AK67: 5.91 | AL67: -6.02 | AM67: 7 | AN67: -2.78 | AO67: -2.19 | AP67: 1.89 | AQ67: -3.55 | AR67: 6.49 | AS67: 2.84 | AT67: -4.06 | AU67: 13.75 | AV67: -13.42 | AW67: 5.05 | AX67: 8.24 | AY67: 12.79 | AZ67: -0.98 | BA67: 3.02 | BB67: -6.26 | BC67: 1.93 | BD67: 9.77 | BE67: 12.62 | BF67: -3.58 | BG67: -4.34 | BH67: 4.31 | BI67: -2.51 | BJ67: 1.8 | BK67: 4.92 | BL67: -11.22 | BM67: 0.66 | BN67: 8.55 | BO67: 41.93
A68: A011790 | B68: SKC | C68: S310600 | D68: % | F68: 월간수익률(현금배당포함) | G68: 15.24 | H68: 6.83 | I68: 14.59 | J68: 32.33 | K68: -10.27 | L68: -11.81 | M68: 22.54 | N68: 5.91 | O68: 28.72 | P68: -2.89 | Q68: 9.36 | R68: 5.06 | S68: -5.56 | T68: 24.31 | U68: 1.89 | V68: -1.24 | W68: 5.96 | X68: 5.32 | Y68: 11.23 | Z68: -11.31 | AA68: -19.77 | AB68: -1.79 | AC68: 12.36 | AD68: -1.94 | AE68: 6.27 | AF68: -17.39 | AG68: 2.25 | AH68: -10.66 | AI68: -30.95 | AJ68: 23.36 | AK68: 8.21 | AL68: -20.01 | AM68: 7.57 | AN68: 2.94 | AO68: 16.63 | AP68: -13.04 | AQ68: -4.53 | AR68: 2.84 | AS68: 1.64 | AT68: -7.76 | AU68: -17.05 | AV68: 3.69 | AW68: 23.25 | AX68: -6.6 | AY68: -15.23 | AZ68: 7.81 | BA68: 34.3 | BB68: -0.72 | BC68: 26.09 | BD68: 21.12 | BE68: -19.16 | BF68: -5.5 | BG68: 11.18 | BH68: 5.93 | BI68: -34.81 | BJ68: 6.27 | BK68: 49.29 | BL68: -17.15 | BM68: -20.85 | BN68: -0.78 | BO68: -12.73
A69: A047810 | B69: 한국항공우주 | C69: S310600 | D69: % | F69: 월간수익률(현금배당포함) | G69: -1.17 | H69: -6.31 | I69: 0.84 | J69: -6.26 | K69: 1.56 | L69: -4.39 | M69: 6.65 | N69: 11.85 | O69: 20.35 | P69: 6.6 | Q69: 11.03 | R69: -11.29 | S69: 4.75 | T69: -3.66 | U69: -1.52 | V69: 1.39 | W69: 0.46 | X69: -7.43 | Y69: -10.64 | Z69: 19.6 | AA69: 9.71 | AB69: 4.21 | AC69: 14.02 | AD69: 3.66 | AE69: 19.73 | AF69: 2.48 | AG69: 5.95 | AH69: 7.02 | AI69: -20.57 | AJ69: -2.27 | AK69: 2.43 | AL69: 5.47 | AM69: -5.5 | AN69: -6.24 | AO69: 5.1 | AP69: 15.61 | AQ69: -6.02 | AR69: 3.49 | AS69: -7.69 | AT69: 2.84 | AU69: -3.56 | AV69: -9.43 | AW69: 4.86 | AX69: 8.95 | AY69: 1 | AZ69: 1.58 | BA69: 0.39 | BB69: 0.58 | BC69: 0 | BD69: 2.32 | BE69: 7.55 | BF69: -4.74 | BG69: -4.05 | BH69: 12.28 | BI69: -0.17 | BJ69: -5.99 | BK69: -2.92 | BL69: 18.39 | BM69: 19.65 | BN69: 10.4 | BO69: 0.97
A70: A180640 | B70: 한진칼 | C70: S310600 | D70: % | F70: 월간수익률(현금배당포함) | G70: -0.81 | H70: -7.07 | I70: 4.74 | J70: -9.64 | K70: -9.62 | L70: 8.89 | M70: 0.4 | N70: -15.87 | O70: -3.33 | P70: -0.66 | Q70: -5.28 | R70: -3.31 | S70: 19.28 | T70: -0.3 | U70: -1.52 | V70: 1.38 | W70: -7.13 | X70: -10.46 | Y70: -2.92 | Z70: 15.41 | AA70: -14.33 | AB70: 0.19 | AC70: 17.46 | AD70: -7.11 | AE70: -1.91 | AF70: 9.57 | AG70: -2.91 | AH70: -12 | AI70: -29.26 | AJ70: 6.56 | AK70: 2.13 | AL70: -7.47 | AM70: 9.35 | AN70: 9.4 | AO70: 2.57 | AP70: -13.93 | AQ70: 28.44 | AR70: -7.78 | AS70: -9.5 | AT70: 4.83 | AU70: -4.73 | AV70: 0.71 | AW70: 26.38 | AX70: 35.65 | AY70: 0.27 | AZ70: -13.43 | BA70: -5.86 | BB70: 0.5 | BC70: 6.52 | BD70: 1.41 | BE70: 6.66 | BF70: -0.29 | BG70: 20.09 | BH70: 2.54 | BI70: -5.08 | BJ70: -5.65 | BK70: 11.54 | BL70: -1.19 | BM70: -2.41 | BN70: -1.97 | BO70: 77.73
A71: A079550 | B71: LIG넥스원 | C71: S310600 | D71: % | F71: 월간수익률(현금배당포함) | G71: 37.36 | H71: -16.32 | I71: 12.17 | J71: -7.28 | K71: 3.04 | L71: -12.75 | M71: 8.02 | N71: 3.66 | O71: 21.8 | P71: -0.4 | Q71: 8.51 | R71: -1.37 | S71: 11.74 | T71: -4.07 | U71: 0.82 | V71: 21.73 | W71: -0.19 | X71: -10.39 | Y71: 15.23 | Z71: 30.01 | AA71: -15.45 | AB71: 17.41 | AC71: 5.58 | AD71: 14.19 | AE71: -3.53 | AF71: -9.34 | AG71: 22.56 | AH71: 20.45 | AI71: -14.81 | AJ71: 12.4 | AK71: -8.87 | AL71: 1.31 | AM71: -12.37 | AN71: -7.55 | AO71: -3.08 | AP71: 8.15 | AQ71: 1.15 | AR71: 2.4 | AS71: -5.43 | AT71: 10.56 | AU71: 3.65 | AV71: -0.91 | AW71: 11.94 | AX71: 35.85 | AY71: -19.46 | AZ71: 36.25 | BA71: 24.58 | BB71: -9.87 | BC71: -0.37 | BD71: 37.33 | BE71: -9.09 | BF71: -2.5 | BG71: 8.2 | BH71: 17.53 | BI71: -20.53 | BJ71: 13.17 | BK71: 2.72 | BL71: 19.43 | BM71: -8.32 | BN71: 29.23 | BO71: 33.85
A72: A006800 | B72: 미래에셋증권 | C72: S310600 | D72: % | F72: 월간수익률(현금배당포함) | G72: 9.98 | H72: 8.1 | I72: 18.29 | J72: 17.87 | K72: -8.82 | L72: -1.3 | M72: 13.26 | N72: 1.72 | O72: 0.63 | P72: -1.69 | Q72: 5.57 | R72: 1.42 | S72: -1 | T72: -4.75 | U72: -5.3 | V72: -1.23 | W72: -1.82 | X72: 0.23 | Y72: -1.15 | Z72: 4.29 | AA72: -1.74 | AB72: 3.41 | AC72: -2.62 | AD72: -5.96 | AE72: 1.37 | AF72: -18.87 | AG72: -0.45 | AH72: -0.46 | AI72: -8.84 | AJ72: 6.19 | AK72: 4.72 | AL72: -5.7 | AM72: 12.01 | AN72: 4.99 | AO72: -9.65 | AP72: 7.43 | AQ72: 5.19 | AR72: -0.96 | AS72: -4.15 | AT72: -3.9 | AU72: -3.15 | AV72: 2.32 | AW72: 8.64 | AX72: 6.41 | AY72: 3.14 | AZ72: 14.61 | BA72: -9 | BB72: -5.83 | BC72: -5.01 | BD72: 1.52 | BE72: 5.87 | BF72: 7.87 | BG72: 0.72 | BH72: 7.6 | BI72: -5.52 | BJ72: -6.19 | BK72: 4.98 | BL72: 3.68 | BM72: 7.67 | BN72: 29.22 | BO72: 31.22
A73: A034220 | B73: LG디스플레이 | C73: S310600 | D73: % | F73: 월간수익률(현금배당포함) | G73: -7.69 | H73: 11.27 | I73: 11.01 | J73: 15.87 | K73: 5.14 | L73: -8.47 | M73: 8.54 | N73: 21.64 | O73: 17.25 | P73: 3.91 | Q73: 0.66 | R73: 6.81 | S73: -1.24 | T73: 2.08 | U73: -10 | V73: -7.03 | W73: -7.56 | X73: 3.96 | Y73: 1.01 | Z73: 26.92 | AA73: -19.92 | AB73: -5.08 | AC73: 10.43 | AD73: -18.89 | AE73: 3.58 | AF73: -16.14 | AG73: 5.15 | AH73: 1.96 | AI73: -23.08 | AJ73: 6.25 | AK73: 13.33 | AL73: -9.41 | AM73: 9.32 | AN73: 12.34 | AO73: 7.45 | AP73: -9.68 | AQ73: 5.93 | AR73: 0.25 | AS73: -14.4 | AT73: -0.67 | AU73: -2.17 | AV73: -7.02 | AW73: 2.71 | AX73: 1.76 | AY73: -1.07 | AZ73: -2.32 | BA73: -5.54 | BB73: -1.95 | BC73: -5.79 | BD73: 15.51 | BE73: -2.01 | BF73: 0.18 | BG73: -2.84 | BH73: -2.74 | BI73: -10.9 | BJ73: -3.69 | BK73: 1.31 | BL73: -1.08 | BM73: -3.72 | BN73: -3.86 | BO73: 1.65
A74: A051900 | B74: LG생활건강 | C74: S310600 | D74: % | F74: 월간수익률(현금배당포함) | G74: -1.16 | H74: -1.75 | I74: 1.86 | J74: 7.44 | K74: -1.7 | L74: 3.59 | M74: 0.93 | N74: 7.73 | O74: -3.89 | P74: -2.83 | Q74: 3.77 | R74: -1.98 | S74: 1.3 | T74: 13.02 | U74: -17.2 | V74: 0.14 | W74: -8.49 | X74: -12.42 | Y74: -9.99 | Z74: 5.2 | AA74: -11.12 | AB74: -2.57 | AC74: -9.69 | AD74: 5.94 | AE74: -19.25 | AF74: -7.36 | AG74: 14.56 | AH74: -8.6 | AI74: -11.1 | AJ74: -19.43 | AK74: 28.63 | AL74: 10.66 | AM74: 2.91 | AN74: -10.09 | AO74: -10.18 | AP74: 3.83 | AQ74: -15.41 | AR74: -12.9 | AS74: -6.75 | AT74: 8.53 | AU74: -3.88 | AV74: -29.34 | AW74: 5.7 | AX74: 7.51 | AY74: -14.51 | AZ74: 5.11 | BA74: 19.12 | BB74: 10.52 | BC74: -0.6 | BD74: -17.25 | BE74: 1.88 | BF74: 0.71 | BG74: 6.91 | BH74: -12.53 | BI74: -6.34 | BJ74: -1.77 | BK74: 0.66 | BL74: 4.07 | BM74: -1.16 | BN74: 8 | BO74: -3.41
A75: A251270 | B75: 넷마블 | C75: S310600 | D75: % | F75: 월간수익률(현금배당포함) | G75: -3.35 | H75: 8.88 | I75: 27.36 | J75: 30.08 | K75: -0.3 | L75: -29.52 | M75: 6.84 | N75: 5.84 | O75: 0 | P75: -6.08 | Q75: 4.45 | R75: 0.39 | S75: 7.72 | T75: -3.94 | U75: 3.36 | V75: -6.86 | W75: -8.53 | X75: 4.66 | Y75: -5.26 | Z75: 7.31 | AA75: -12.4 | AB75: -6.39 | AC75: 8.78 | AD75: -14.26 | AE75: -12.66 | AF75: -17.49 | AG75: 4.64 | AH75: -11.93 | AI75: -19.21 | AJ75: -13.06 | AK75: 9.75 | AL75: 23.39 | AM75: 0.99 | AN75: 1.31 | AO75: 7.28 | AP75: -2.26 | AQ75: -13.74 | AR75: -12.17 | AS75: 0.2 | AT75: -12.91 | AU75: -1.75 | AV75: -8.31 | AW75: 53.88 | AX75: -2.19 | AY75: 0.34 | AZ75: 5.83 | BA75: 0.65 | BB75: -9.98 | BC75: 7.69 | BD75: -10.8 | BE75: 17.88 | BF75: -3.79 | BG75: -2.3 | BH75: -2.52 | BI75: -8.62 | BJ75: -1.66 | BK75: -14.31 | BL75: -9.14 | BM75: -2.73 | BN75: 14.17 | BO75: 14.32
... A78: A021240 | B78: 코웨이 | C78: S310600 | D78: % | F78: 월간수익률(현금배당포함) | G78: 8.47 | H78: 8.41 | I78: 6.23 | J78: 4.04 | K78: -0.63 | L78: -12.49 | M78: 0 | N78: 6.51 | O78: -4.13 | P78: -7.17 | Q78: 1.24 | R78: 2.14 | S78: 24.36 | T78: -5.41 | U78: 9.02 | V78: -8.86 | W78: -5.12 | X78: 7.01 | Y78: -14.74 | Z78: 11.68 | AA78: -6.59 | AB78: 3.74 | AC78: -4.99 | AD78: 3.5 | AE78: 0.85 | AF78: -10.63 | AG78: 0.31 | AH78: -0.63 | AI78: -15.39 | AJ78: 2.6 | AK78: 4.16 | AL78: -0.74 | AM78: -0.18 | AN78: -4.3 | AO78: -1.69 | AP78: -6.57 | AQ78: -1.84 | AR78: -8.72 | AS78: -6.71 | AT78: 5.36 | AU78: -4.4 | AV78: 4.6 | AW78: 15.74 | AX78: 17.18 | AY78: -3.32 | AZ78: -1.99 | BA78: 3.32 | BB78: -0.54 | BC78: 1.26 | BD78: 13.83 | BE78: -2.96 | BF78: 7.86 | BG78: -0.74 | BH78: -5.55 | BI78: 4.6 | BJ78: 5.49 | BK78: 15.54 | BL78: 4.79 | BM78: 0 | BN78: 8.27 | BO78: 1.37
A79: A454910 | B79: 두산로보틱스 | C79: S310600 | D79: % | F79: 월간수익률(현금배당포함) | AV79: -27.53 | AW79: 149.39 | AX79: 24.97 | AY79: -40.83 | AZ79: 7.57 | BA79: 19.35 | BB79: -18.37 | BC79: 0.55 | BD79: 10.36 | BE79: -10.89 | BF79: -1.12 | BG79: -9.52 | BH79: 10.2 | BI79: -7.69 | BJ79: -19.29 | BK79: 28.11 | BL79: -5.82 | BM79: -20.44 | BN79: 0.4 | BO79: -6.35
A80: A010120 | B80: LS ELECTRIC | C80: S310600 | D80: % | F80: 월간수익률(현금배당포함) | G80: 16.5 | H80: 5.16 | I80: 11.9 | J80: 0.93 | K80: 4.43 | L80: -12.21 | M80: 11.09 | N80: 16.58 | O80: -2.54 | P80: -6.5 | Q80: 5.91 | R80: -6.57 | S80: -0.18 | T80: -1.59 | U80: 16.1 | V80: 5.7 | W80: -2.77 | X80: -11.69 | Y80: -10.87 | Z80: 8.18 | AA80: -12.55 | AB80: -11.99 | AC80: 5.12 | AD80: 5.98 | AE80: 7 | AF80: 12.5 | AG80: 0.69 | AH80: -3.79 | AI80: -16.31 | AJ80: 17.77 | AK80: 4.91 | AL80: -0.4 | AM80: -5.5 | AN80: -5.82 | AO80: 12.55 | AP80: 11.86 | AQ80: 0.79 | AR80: 24.49 | AS80: 33.29 | AT80: -5.58 | AU80: -6.41 | AV80: -31.48 | AW80: 18.28 | AX80: 0.43 | AY80: -3.83 | AZ80: -8.95 | BA80: 52.57 | BB80: 80.57 | BC80: 20.89 | BD80: 3.28 | BE80: -16.55 | BF80: -9.29 | BG80: -2.16 | BH80: -10.41 | BI80: -1.57 | BJ80: 13.69 | BK80: 43.66 | BL80: 3.89 | BM80: -26.96 | BN80: 16.09 | BO80: 24.08
A81: A010620 | B81: HD현대미포 | C81: S310600 | D81: % | F81: 월간수익률(현금배당포함) | G81: 10.57 | H81: -7.94 | I81: -0.32 | J81: -1.44 | K81: -3.42 | L81: -5.72 | M81: 69.64 | N81: 1.05 | O81: -10.21 | P81: 25.29 | Q81: 23.89 | R81: 28.25 | S81: -1.4 | T81: 3.31 | U81: -4.01 | V81: -9.06 | W81: -8.39 | X81: 8.3 | Y81: -8.85 | Z81: 1.45 | AA81: -2.14 | AB81: 16.5 | AC81: -1.88 | AD81: 7.15 | AE81: -0.12 | AF81: 8.71 | AG81: -1.32 | AH81: 19.02 | AI81: -3.74 | AJ81: -10.87 | AK81: -5.77 | AL81: -2.31 | AM81: -4.85 | AN81: -12.69 | AO81: 0 | AP81: 4.56 | AQ81: 1.63 | AR81: 12.6 | AS81: 11.19 | AT81: -2.57 | AU81: -8.79 | AV81: -16.51 | AW81: 17.03 | AX81: 4.68 | AY81: -20.38 | AZ81: -6.95 | BA81: -1.59 | BB81: 21.32 | BC81: -3.86 | BD81: 28.81 | BE81: 26.34 | BF81: -12.26 | BG81: -3.3 | BH81: 10.13 | BI81: 14.39 | BJ81: 6.85 | BK81: -7.3 | BL81: -15.04 | BM81: 0.38 | BN81: 58.16 | BO81: 16.08
A82: A005940 | B82: NH투자증권 | C82: S310600 | D82: % | F82: 월간수익률(현금배당포함) | G82: 0.41 | H82: -15.01 | I82: 6.17 | J82: 2.05 | K82: 2.01 | L82: 4.38 | M82: 12.68 | N82: 11.71 | O82: -2.21 | P82: -1.81 | Q82: 7.37 | R82: 10.3 | S82: 2.33 | T82: -1.9 | U82: -1.55 | V82: 4.33 | W82: -2.64 | X82: 1.94 | Y82: -6.08 | Z82: 9.61 | AA82: -8.8 | AB82: 1.32 | AC82: -1.3 | AD82: -4.83 | AE82: -0.46 | AF82: -16.2 | AG82: 9.94 | AH82: 0 | AI82: -9.65 | AJ82: -0.22 | AK82: 7.36 | AL82: -1.83 | AM82: 4.9 | AN82: 3.26 | AO82: -7.37 | AP82: 6.25 | AQ82: 6.84 | AR82: -4.41 | AS82: 3.66 | AT82: 4.04 | AU82: -0.78 | AV82: -5.28 | AW82: 5.99 | AX82: 0.68 | AY82: 2.42 | AZ82: 10.96 | BA82: 6.42 | BB82: 6.75 | BC82: -1.68 | BD82: 3.34 | BE82: 9.53 | BF82: -1.73 | BG82: -1.76 | BH82: -0.37 | BI82: -0.37 | BJ82: 4.73 | BK82: 3.51 | BL82: 3.12 | BM82: 0.38 | BN82: 9.49 | BO82: 12.31
A83: A161390 | B83: 한국타이어앤테크놀로지 | C83: S310600 | D83: % | F83: 월간수익률(현금배당포함) | G83: 10.35 | H83: 5.12 | I83: 5.68 | J83: 13.24 | K83: 6.78 | L83: 0.48 | M83: 3.32 | N83: 22.47 | O83: 4.44 | P83: 15.8 | Q83: 2.94 | R83: -1.94 | S83: 1.66 | T83: 5.72 | U83: -6.48 | V83: -3.62 | W83: -7.19 | X83: -4.39 | Y83: -7.14 | Z83: 5.18 | AA83: -15.24 | AB83: 4.61 | AC83: -4.4 | AD83: 3.57 | AE83: 2.29 | AF83: -7.57 | AG83: 5.61 | AH83: 9.05 | AI83: -7.12 | AJ83: 3.69 | AK83: -6.98 | AL83: -6.14 | AM83: 4.17 | AN83: 14.64 | AO83: -6.45 | AP83: -0.86 | AQ83: 0 | AR83: -0.29 | AS83: 12.5 | AT83: 0.13 | AU83: 2.19 | AV83: -3.54 | AW83: 18.72 | AX83: 3.07 | AY83: 12.99 | AZ83: 5.65 | BA83: 0 | BB83: 9.04 | BC83: -25.8 | BD83: 3.08 | BE83: -1.22 | BF83: -2.8 | BG83: -4.49 | BH83: -14.84 | BI83: 6.66 | BJ83: 1.99 | BK83: 6.64 | BL83: -7.45 | BM83: 9.29 | BN83: 4.94 | BO83: -7.01
A84: A032640 | B84: LG유플러스 | C84: S310600 | D84: % | F84: 월간수익률(현금배당포함) | G84: -1.5 | H84: -7.23 | I84: -6.15 | J84: 4.37 | K84: -3.77 | L84: -3.91 | M84: 8.14 | N84: 2.11 | O84: 1.7 | P84: -1.26 | Q84: 3.81 | R84: 7.75 | S84: 14.39 | T84: 2.99 | U84: -5.21 | V84: -3.44 | W84: 6.76 | X84: -4.33 | Y84: -5.58 | Z84: 2.94 | AA84: -4.78 | AB84: 1.54 | AC84: 6.46 | AD84: 0 | AE84: -1.07 | AF84: -6.15 | AG84: -1.96 | AH84: -8 | AI84: -6.52 | AJ84: 6.51 | AK84: 5.68 | AL84: -5.46 | AM84: 0.54 | AN84: -0.36 | AO84: -2.17 | AP84: 1.75 | AQ84: 2 | AR84: -2.31 | AS84: -6.71 | AT84: 4.39 | AU84: -0.86 | AV84: -2.41 | AW84: 3.86 | AX84: 1.28 | AY84: 0 | AZ84: 0.88 | BA84: -3.39 | BB84: -1.2 | BC84: -2.03 | BD84: 1.76 | BE84: 2.14 | BF84: -0.28 | BG84: 0.61 | BH84: 2.04 | BI84: 15.78 | BJ84: -10.87 | BK84: -2.81 | BL84: 5.38 | BM84: 1.11 | BN84: 16.7 | BO84: 6.49
A85: A071050 | B85: 한국금융지주 | C85: S310600 | D85: % | F85: 월간수익률(현금배당포함) | G85: 5.19 | H85: -15.56 | I85: 9.44 | J85: 25.05 | K85: 19.05 | L85: -5.38 | M85: 8.02 | N85: 10.66 | O85: 2.91 | P85: 7.38 | Q85: -1.95 | R85: 30.84 | S85: -7.14 | T85: -0.96 | U85: -6.89 | V85: -0.63 | W85: -9.44 | X85: 0.81 | Y85: -13.45 | Z85: 15.28 | AA85: -10.16 | AB85: 9.24 | AC85: -1.01 | AD85: -9.95 | AE85: 1.42 | AF85: -13.83 | AG85: 2.27 | AH85: -9.99 | AI85: -16.37 | AJ85: 4.32 | AK85: 16.45 | AL85: -3.77 | AM85: 17.26 | AN85: -0.8 | AO85: -11.29 | AP85: 0.18 | AQ85: 0.54 | AR85: -6.86 | AS85: -5.33 | AT85: 6.45 | AU85: 2.11 | AV85: -5.27 | AW85: 19.08 | AX85: 6.86 | AY85: 0.16 | AZ85: 15.63 | BA85: -6.2 | BB85: 1.2 | BC85: -3.26 | BD85: 7.36 | BE85: 4.57 | BF85: -0.55 | BG85: 0.82 | BH85: 5.04 | BI85: -3.11 | BJ85: -4.55 | BK85: 11.5 | BL85: 5.18 | BM85: -8.29 | BN85: 13.7 | BO85: 30.12
A86: A066970 | B86: 엘앤에프 | C86: S310600 | D86: % | F86: 월간수익률(현금배당포함) | G86: 23.56 | H86: 30.51 | I86: 36.4 | J86: 3.7 | K86: -1.55 | L86: -5.32 | M86: 28.48 | N86: 42.25 | O86: 3.08 | P86: -3.66 | Q86: 10.42 | R86: 15.82 | S86: -2.53 | T86: 7.73 | U86: 17.01 | V86: 7.92 | W86: 54.58 | X86: 2.85 | Y86: 21.83 | Z86: -0.85 | AA86: -24.1 | AB86: 15.52 | AC86: 15.79 | AD86: -2.88 | AE86: 18.42 | AF86: -19.14 | AG86: 8.9 | AH86: 0.79 | AI86: -22.91 | AJ86: 26.62 | AK86: -2.18 | AL86: -20.94 | AM86: 18.73 | AN86: 27.18 | AO86: 19.65 | AP86: -15.47 | AQ86: 1.89 | AR86: -10 | AS86: 5.97 | AT86: -16.51 | AU86: -19.35 | AV86: -24.8 | AW86: 35.2 | AX86: 15.71 | AY86: -29.66 | AZ86: 18.26 | BA86: 2.59 | BB86: -5.86 | BC86: -4.58 | BD86: -13.49 | BE86: -15.97 | BF86: -17.5 | BG86: 21 | BH86: 4.05 | BI86: -16.77 | BJ86: -17.6 | BK86: 8.76 | BL86: -10.44 | BM86: -24.21 | BN86: 8.36 | BO86: -11.73
A87: A302440 | B87: SK바이오사이언스 | C87: S310600 | D87: % | F87: 월간수익률(현금배당포함) | Q87: -28.7 | R87: 26.14 | S87: 0 | T87: 4.27 | U87: 7.57 | V87: 83.87 | W87: -13.72 | X87: -14.97 | Y87: 21.96 | Z87: -19.79 | AA87: -26.67 | AB87: -11.52 | AC87: 7.53 | AD87: -13.7 | AE87: 0 | AF87: -25.83 | AG87: 21.39 | AH87: -7.38 | AI87: -28.94 | AJ87: -5.85 | AK87: 9.52 | AL87: -11.23 | AM87: 2.04 | AN87: -7.07 | AO87: 3.44 | AP87: -2.36 | AQ87: 17.75 | AR87: -4.1 | AS87: -7.8 | AT87: 0.14 | AU87: -7.77 | AV87: -10.49 | AW87: 12.21 | AX87: 5.88 | AY87: -11.81 | AZ87: -3.31 | BA87: -0.16 | BB87: -4.41 | BC87: -11.78 | BD87: 1.74 | BE87: 5.51 | BF87: 0 | BG87: -0.18 | BH87: -2.35 | BI87: -12.94 | BJ87: 7.01 | BK87: -2.78 | BL87: -13.16 | BM87: -7.87 | BN87: 1.02 | BO87: 13.89
A88: A011070 | B88: LG이노텍 | C88: S310600 | D88: % | F88: 월간수익률(현금배당포함) | G88: 11.74 | H88: 18.3 | I88: -7.74 | J88: -9.94 | K88: 6.9 | L88: -1.94 | M88: 1.97 | N88: 18.19 | O88: 9.59 | P88: -0.5 | Q88: 3.27 | R88: -2.19 | S88: 1.74 | T88: 9.05 | U88: 1.79 | V88: -5.29 | W88: -3.02 | X88: 0.48 | Y88: 45.34 | Z88: 20.51 | AA88: -2.89 | AB88: -7.5 | AC88: 18.35 | AD88: -9.82 | AE88: 10.31 | AF88: -11.04 | AG88: 5.98 | AH88: -5.24 | AI88: -20.5 | AJ88: 8.41 | AK88: 4.72 | AL88: -17.4 | AM88: 7.52 | AN88: 2.02 | AO88: -2.35 | AP88: -2.22 | AQ88: 16.07 | AR88: 0.81 | AS88: -14.7 | AT88: 2.27 | AU88: -9.45 | AV88: -8.79 | AW88: 6.73 | AX88: 1.76 | AY88: -20.25 | AZ88: 5.76 | BA88: -2.62 | BB88: 12.86 | BC88: 11.71 | BD88: 9.68 | BE88: -5.88 | BF88: 8.59 | BG88: -21.58 | BH88: -18.53 | BI88: -8.84 | BJ88: 0.06 | BK88: -8.21 | BL88: 9.21 | BM88: -0.3 | BN88: -12.7 | BO88: 3.8
A89: A022100 | B89: 포스코DX | C89: S310600 | D89: % | F89: 월간수익률(현금배당포함) | G89: 7.68 | H89: -10.81 | I89: 2.23 | J89: 0 | K89: 59.72 | L89: -4.04 | M89: 5.85 | N89: 10.63 | O89: -0.13 | P89: -3.23 | Q89: -1.87 | R89: -2.04 | S89: 12.78 | T89: 5.42 | U89: -7.36 | V89: -7.57 | W89: -8.32 | X89: -0.45 | Y89: -14.5 | Z89: 15.57 | AA89: -10.21 | AB89: -2.38 | AC89: 7.83 | AD89: -0.16 | AE89: 0.32 | AF89: -15.62 | AG89: 11.07 | AH89: 14.09 | AI89: -9.04 | AJ89: -5.13 | AK89: 22.51 | AL89: -9.94 | AM89: 8.48 | AN89: 0.74 | AO89: 39.09 | AP89: 39.37 | AQ89: -13.37 | AR89: 32.95 | AS89: 127.87 | AT89: 61.44 | AU89: -3.39 | AV89: -9.5 | AW89: 16.82 | AX89: 29.49 | AY89: -22.78 | AZ89: -5.59 | BA89: -9.43 | BB89: -16.67 | BC89: -13.25 | BD89: 8.49 | BE89: -24.64 | BF89: -7.96 | BG89: 14.66 | BH89: -10.49 | BI89: -23.08 | BJ89: -9.14 | BK89: -1.21 | BL89: 22.55 | BM89: 6.15 | BN89: 0.61 | BO89: -9.98
A90: A097950 | B90: CJ제일제당 | C90: S310600 | D90: % | F90: 월간수익률(현금배당포함) | G90: 8.99 | H90: 9.76 | I90: 18.4 | J90: 5.44 | K90: -2.95 | L90: -8.61 | M90: 0.14 | N90: 6.49 | O90: 11.81 | P90: -4.58 | Q90: 1.11 | R90: -3.77 | S90: 23.51 | T90: -5.63 | U90: 1.52 | V90: -3.1 | W90: -9.7 | X90: -7.2 | Y90: -6.84 | Z90: 10.87 | AA90: -10.71 | AB90: 9.39 | AC90: -2.12 | AD90: 7.71 | AE90: -1.13 | AF90: -3.43 | AG90: 3.3 | AH90: 4.09 | AI90: 1.11 | AJ90: 0.73 | AK90: -4.59 | AL90: -3.05 | AM90: -9.33 | AN90: -6.96 | AO90: 1.87 | AP90: -5.06 | AQ90: 0.16 | AR90: -12.74 | AS90: 3.9 | AT90: 6.78 | AU90: 3.01 | AV90: -7.98 | AW90: 9.38 | AX90: 4.85 | AY90: -9.88 | AZ90: 3.43 | BA90: -1.5 | BB90: 14.62 | BC90: 3.71 | BD90: 10.59 | BE90: 0.26 | BF90: -16.69 | BG90: -5.28 | BH90: -9.7 | BI90: -4.01 | BJ90: -3.04 | BK90: -5.28 | BL90: -0.88 | BM90: 4.01 | BN90: -3.04 | BO90: -2.51
A91: A128940 | B91: 한미약품 | C91: S310600 | D91: % | F91: 월간수익률(현금배당포함) | G91: -8.5 | H91: 2.74 | I91: 8.21 | J91: 16.32 | K91: -10.77 | L91: -4.02 | M91: 36.57 | N91: 4.27 | O91: 4.5 | P91: -10.44 | Q91: -7.73 | R91: 6.79 | S91: 5.18 | T91: -5.91 | U91: -4.34 | V91: -3.44 | W91: -11 | X91: -4 | Y91: -4.36 | Z91: 11.63 | AA91: -10.51 | AB91: 7.29 | AC91: 3.4 | AD91: 13.87 | AE91: -0.8 | AF91: -0.49 | AG91: 0.49 | AH91: -0.49 | AI91: -25.65 | AJ91: 10.48 | AK91: 3.36 | AL91: 16.23 | AM91: -13.93 | AN91: 0.97 | AO91: -1.16 | AP91: 26.17 | AQ91: -9.44 | AR91: 5.47 | AS91: -13.62 | AT91: 10.51 | AU91: 1.53 | AV91: -5.69 | AW91: 9.04 | AX91: 17.01 | AY91: -8.09 | AZ91: 3.09 | BA91: -0.3 | BB91: -4.96 | BC91: -10.43 | BD91: -4.5 | BE91: 6.84 | BF91: 9.17 | BG91: 1.9 | BH91: -0.31 | BI91: -14.98 | BJ91: 3.31 | BK91: -13.01 | BL91: -1.64 | BM91: -6.04 | BN91: 19.29 | BO91: 15.8
A92: A016360 | B92: 삼성증권 | C92: S310600 | D92: % | F92: 월간수익률(현금배당포함) | G92: -7.14 | H92: -5.73 | I92: 9.87 | J92: 4.14 | K92: 1.49 | L92: 4.9 | M92: 22.9 | N92: 8.08 | O92: -6.68 | P92: -3.18 | Q92: 7.93 | R92: 8.11 | S92: 11.25 | T92: -5.27 | U92: -1.56 | V92: 11.75 | W92: -3.14 | X92: -1.15 | Y92: -6.34 | Z92: 9.69 | AA92: -10.91 | AB92: 5.75 | AC92: -0.95 | AD92: -5.25 | AE92: -0.13 | AF92: -15.64 | AG92: 4.63 | AH92: -3.14 | AI92: -9.29 | AJ92: 3.25 | AK92: 10.87 | AL92: -5.93 | AM92: 6.2 | AN92: 0.3 | AO92: -5.37 | AP92: 6.78 | AQ92: 8.57 | AR92: -2.04 | AS92: -0.28 | AT92: 4.04 | AU92: -1.61 | AV92: -3.95 | AW92: 11.05 | AX92: 3.88 | AY92: -2.21 | AZ92: 10.36 | BA92: -3.49 | BB92: -4.99 | BC92: -5.25 | BD92: 10.25 | BE92: 12.44 | BF92: 5.59 | BG92: -7.83 | BH92: 5.4 | BI92: 3.7 | BJ92: -1.36 | BK92: 4.83 | BL92: 0 | BM92: -0.77 | BN92: 15.36 | BO92: 15.9
A93: A011170 | B93: 롯데케미칼 | C93: S310600 | D93: % | F93: 월간수익률(현금배당포함) | G93: -12.76 | H93: -11.17 | I93: 0.9 | J93: 12.46 | K93: 3.69 | L93: 18.57 | M93: 21.03 | N93: -0.8 | O93: -5.44 | P93: 21.84 | Q93: -5.35 | R93: 1 | S93: -8.22 | T93: -5.92 | U93: -1.14 | V93: -3.66 | W93: -3.4 | X93: -7.04 | Y93: -10.25 | Z93: 11.71 | AA93: -10.14 | AB93: 12.82 | AC93: -4.77 | AD93: -6.21 | AE93: 4.07 | AF93: -11.98 | AG93: -1.95 | AH93: -0.85 | AI93: -17.72 | AJ93: 2.78 | AK93: 23.99 | AL93: 3.97 | AM93: -0.95 | AN93: 0.79 | AO93: 7.07 | AP93: -11.9 | AQ93: -0.72 | AR93: -7.37 | AS93: -2.59 | AT93: -9.3 | AU93: 0.37 | AV93: 6.78 | AW93: 5.33 | AX93: 1.64 | AY93: -14.69 | AZ93: -6.35 | BA93: -2.53 | BB93: -9.89 | BC93: 5.21 | BD93: 1.41 | BE93: -10.71 | BF93: -18.44 | BG93: 22.73 | BH93: -6.01 | BI93: -32.39 | BJ93: -7.29 | BK93: -5.02 | BL93: 9.86 | BM93: 6.35 | BN93: -7.8 | BO93: -1
A94: A271560 | B94: 오리온 | C94: S310600 | D94: % | F94: 월간수익률(현금배당포함) | G94: 6.45 | H94: 1.51 | I94: 0 | J94: 4.85 | K94: -6.76 | L94: -17.18 | M94: 9.22 | N94: 5.28 | O94: -3.23 | P94: 7.08 | Q94: 1.94 | R94: -10.69 | S94: 2.14 | T94: -0.84 | U94: -0.84 | V94: 7.66 | W94: -7.12 | X94: 0.42 | Y94: -17.71 | Z94: 7.35 | AA94: -6.09 | AB94: -5.87 | AC94: -2.95 | AD94: 6.98 | AE94: 2.53 | AF94: 6.78 | AG94: -3.37 | AH94: -2.09 | AI94: 4.67 | AJ94: -1.46 | AK94: 15.76 | AL94: 9.75 | AM94: -2.74 | AN94: 0.4 | AO94: 9.28 | AP94: 6.08 | AQ94: -10.84 | AR94: -7.12 | AS94: -5.42 | AT94: 7.31 | AU94: 5.34 | AV94: -6.63 | AW94: -1.75 | AX94: -0.28 | AY94: -21.02 | AZ94: 1.31 | BA94: -2.05 | BB94: 2.09 | BC94: -1.29 | BD94: 0.54 | BE94: -4.99 | BF94: 5.02 | BG94: 5.98 | BH94: 2.36 | BI94: 2.8 | BJ94: -0.2 | BK94: -0.98 | BL94: 2.91 | BM94: 15.7 | BN94: 4.49 | BO94: -10.39
A95: A003230 | B95: 삼양식품 | C95: S310600 | D95: % | F95: 월간수익률(현금배당포함) | G95: 17.33 | H95: 6.33 | I95: -5.56 | J95: -10.51 | K95: -6.57 | L95: -3.12 | M95: 5.29 | N95: 0.31 | O95: -9.8 | P95: -4.39 | Q95: 2.18 | R95: 4.04 | S95: -2.59 | T95: 0.66 | U95: 1.1 | V95: -9.26 | W95: -1.92 | X95: 0.12 | Y95: -3.55 | Z95: 21.41 | AA95: -10.55 | AB95: 3.42 | AC95: 6.27 | AD95: 5.47 | AE95: -5.9 | AF95: 10.57 | AG95: 1.48 | AH95: 8.25 | AI95: -4.93 | AJ95: 4.72 | AK95: 0.45 | AL95: 14.43 | AM95: -3.23 | AN95: -2.93 | AO95: -0.08 | AP95: -2.35 | AQ95: -7.13 | AR95: -0.07 | AS95: 13.08 | AT95: 60.66 | AU95: 3.91 | AV95: -9.21 | AW95: 15.32 | AX95: 2.64 | AY95: -14.86 | AZ95: -7.07 | BA95: 23.17 | BB95: 40.38 | BC95: 79.02 | BD95: 26.46 | BE95: -7.77 | BF95: -19.61 | BG95: 9.81 | BH95: -4.24 | BI95: -0.19 | BJ95: 47.4 | BK95: -10.59 | BL95: 25.99 | BM95: 0 | BN95: 12.79 | BO95: 14.53
A96: A011780 | B96: 금호석유화학 | C96: S310600 | D96: % | F96: 월간수익률(현금배당포함) | G96: -7.2 | H96: 5.08 | I96: 13.56 | J96: 18.79 | K96: 9.45 | L96: 20.91 | M96: 4.51 | N96: 7.39 | O96: 70.69 | P96: -14.75 | Q96: 25.59 | R96: -1.89 | S96: -10.96 | T96: -5.4 | U96: -7.08 | V96: -4.42 | W96: -2.83 | X96: -9 | Y96: -9.88 | Z96: 13.3 | AA96: -12.35 | AB96: 10.31 | AC96: -3.43 | AD96: -0.32 | AE96: 3.56 | AF96: -13.13 | AG96: -6.84 | AH96: 0.39 | AI96: -11.15 | AJ96: 13.42 | AK96: 14.12 | AL96: -12.3 | AM96: 16.98 | AN96: 6.72 | AO96: -8.65 | AP96: -5.08 | AQ96: -6.97 | AR96: 4.57 | AS96: -9.5 | AT96: 3.91 | AU96: 7.45 | AV96: -5.52 | AW96: 1.03 | AX96: 6.13 | AY96: -6.1 | AZ96: 18.51 | BA96: -8.18 | BB96: 1.77 | BC96: 6.66 | BD96: -0.61 | BE96: -5.33 | BF96: -1.3 | BG96: 15.34 | BH96: -9.69 | BI96: -30.72 | BJ96: -6.04 | BK96: 16.44 | BL96: 3.98 | BM96: 10.03 | BN96: -1.58 | BO96: -2.78
A97: A078930 | B97: GS | C97: S310600 | D97: % | F97: 월간수익률(현금배당포함) | G97: -2.21 | H97: -3.85 | I97: -3.45 | J97: -7.14 | K97: -4.62 | L97: 6.45 | M97: 6.21 | N97: 12.59 | O97: -3.46 | P97: 7.59 | Q97: 0.26 | R97: 10.1 | S97: 7.08 | T97: 0.32 | U97: -7.46 | V97: -0.7 | W97: 5.29 | X97: -5.59 | Y97: -11.24 | Z97: 9.54 | AA97: -1.92 | AB97: 4.3 | AC97: 9.75 | AD97: -0.46 | AE97: 3.89 | AF97: -7.82 | AG97: -0.48 | AH97: 10.56 | AI97: -9.45 | AJ97: 10.31 | AK97: 5.65 | AL97: -4.84 | AM97: 0.91 | AN97: -8.03 | AO97: -0.62 | AP97: -1.73 | AQ97: -3.02 | AR97: -4.81 | AS97: 2.86 | AT97: -0.4 | AU97: 6.26 | AV97: -1.25 | AW97: 4.82 | AX97: 5.2 | AY97: 13.2 | AZ97: 3.78 | BA97: 0.42 | BB97: -6.94 | BC97: -2.9 | BD97: 7.57 | BE97: 4.26 | BF97: -7.67 | BG97: -5.76 | BH97: -3.17 | BI97: 1.46 | BJ97: -5.98 | BK97: -2.04 | BL97: 0.2 | BM97: 2.08 | BN97: 5.16 | BO97: 12.53
A98: A035250 | B98: 강원랜드 | C98: S310600 | D98: % | F98: 월간수익률(현금배당포함) | G98: -3.39 | H98: -11.16 | I98: 6.28 | J98: -9.63 | K98: 4.12 | L98: -1.86 | M98: 6.4 | N98: 4.68 | O98: 0.21 | P98: 2.76 | Q98: 4.54 | R98: 0 | S98: 13.64 | T98: -6.44 | U98: -3.72 | V98: 6.95 | W98: 3.43 | X98: -2.97 | Y98: -20.86 | Z98: 9.32 | AA98: 3.12 | AB98: 6.85 | AC98: 5.09 | AD98: -3.77 | AE98: 4.85 | AF98: -9.61 | AG98: 1.97 | AH98: 2.51 | AI98: -11.3 | AJ98: -2.34 | AK98: 8.91 | AL98: -6.01 | AM98: 1.29 | AN98: -14.04 | AO98: -1.49 | AP98: -5.03 | AQ98: -3.55 | AR98: -4.66 | AS98: -10.24 | AT98: -0.58 | AU98: -2.64 | AV98: -2.85 | AW98: 5.66 | AX98: 9.27 | AY98: -6.19 | AZ98: 15.79 | BA98: -6.27 | BB98: -5.77 | BC98: -2.87 | BD98: -6.91 | BE98: 4.03 | BF98: 10.73 | BG98: 6.13 | BH98: 5.24 | BI98: 0.78 | BJ98: -11.28 | BK98: 5.07 | BL98: -4.29 | BM98: 3.74 | BN98: 4.57 | BO98: 5.18
A99: A241560 | B99: 두산밥캣 | C99: S310600 | D99: % | F99: 월간수익률(현금배당포함) | G99: 0.85 | H99: 10.97 | I99: 2.47 | J99: -2.41 | K99: 2.28 | L99: 7.25 | M99: 4.16 | N99: -1.33 | O99: 2.36 | P99: 6.59 | Q99: 30.14 | R99: 8.43 | S99: 12.38 | T99: -6.43 | U99: -3.96 | V99: -5.97 | W99: -7.61 | X99: -4.99 | Y99: -4.86 | Z99: 15.85 | AA99: -9.08 | AB99: 2.97 | AC99: 1.83 | AD99: 6.95 | AE99: -8.54 | AF99: -22.41 | AG99: 7.61 | AH99: 11.57 | AI99: -17.87 | AJ99: 17.54 | AK99: 6.12 | AL99: -0.65 | AM99: 0.43 | AN99: 9.06 | AO99: 15.3 | AP99: 17.16 | AQ99: 4.49 | AR99: 11.24 | AS99: -0.34 | AT99: -8.04 | AU99: -5.21 | AV99: -24.02 | AW99: 17.68 | AX99: 10.53 | AY99: 0.99 | AZ99: -7.76 | BA99: 15.21 | BB99: -2.06 | BC99: 10.54 | BD99: -9.69 | BE99: -19.69 | BF99: -3.4 | BG99: 2.01 | BH99: -7.64 | BI99: 3.47 | BJ99: 9.97 | BK99: 14.68 | BL99: -2.19 | BM99: 6.38 | BN99: -2 | BO99: -3.28
... A110: A000150 | B110: 두산 | C110: S310600 | D110: % | F110: 월간수익률(현금배당포함) | G110: -6.82 | H110: 1.06 | I110: 25 | J110: -2.21 | K110: 0.86 | L110: -0.53 | M110: 18.67 | N110: -1.64 | O110: -1.91 | P110: -9.24 | Q110: 7.07 | R110: 26.52 | S110: 38.29 | T110: 9.5 | U110: 1.04 | V110: -7.45 | W110: 11.28 | X110: 3.41 | Y110: 5.34 | Z110: 10.61 | AA110: -18.14 | AB110: 17.49 | AC110: -8.37 | AD110: -13.65 | AE110: -5.68 | AF110: -17.36 | AG110: -0.14 | AH110: 18.45 | AI110: -2.05 | AJ110: -4.56 | AK110: 25.71 | AL110: -12.55 | AM110: 11.43 | AN110: 9.07 | AO110: -3.07 | AP110: -4.8 | AQ110: 4.4 | AR110: -6.89 | AS110: 17.55 | AT110: 10.42 | AU110: -3.66 | AV110: -34.33 | AW110: 23.79 | AX110: 1.95 | AY110: -3.94 | AZ110: 0.89 | BA110: 70.88 | BB110: -0.71 | BC110: 35.26 | BD110: 5.34 | BE110: -19.36 | BF110: -14.57 | BG110: 13.38 | BH110: 18.29 | BI110: -3.74 | BJ110: 32.12 | BK110: 11.37 | BL110: 13.56 | BM110: -9.3 | BN110: 4.46 | BO110: 60.79
A111: A377300 | B111: 카카오페이 | C111: S310600 | D111: % | F111: 월간수익률(현금배당포함) | Y111: 12.95 | Z111: -19.95 | AA111: -27.79 | AB111: 18.65 | AC111: -0.67 | AD111: -24.24 | AE111: -6.22 | AF111: -42.94 | AG111: 4.48 | AH111: -1.11 | AI111: -21.06 | AJ111: -28 | AK111: 49.64 | AL111: 2.46 | AM111: 12.55 | AN111: 2.79 | AO111: -11.32 | AP111: -1.98 | AQ111: 10.27 | AR111: -21.8 | AS111: 6.81 | AT111: -9.86 | AU111: -9.95 | AV111: -16.07 | AW111: 34.79 | AX111: 6.94 | AY111: -3.96 | AZ111: -6.97 | BA111: -12.6 | BB111: -8.31 | BC111: -12.18 | BD111: -13.23 | BE111: -6.13 | BF111: -0.4 | BG111: -2.98 | BH111: 0.61 | BI111: 0.81 | BJ111: 6.06 | BK111: 2.86 | BL111: 26.85 | BM111: -16.5 | BN111: 10.66 | BO111: 19.59
A112: A008930 | B112: 한미사이언스 | C112: S310600 | D112: % | F112: 월간수익률(현금배당포함) | G112: -4.02 | H112: 21.31 | I112: 26.73 | J112: 38.86 | K112: 0.34 | L112: -9.52 | M112: 32.14 | N112: 10.65 | O112: 5.91 | P112: -19.98 | Q112: -10.08 | R112: 19.31 | S112: 1.3 | T112: 9.13 | U112: -6.28 | V112: 2.37 | W112: -15.4 | X112: -8.21 | Y112: -12.11 | Z112: 10.67 | AA112: -17.16 | AB112: 1.22 | AC112: -1.76 | AD112: 14.67 | AE112: -4.3 | AF112: -18.27 | AG112: 2.12 | AH112: 5.87 | AI112: -27.14 | AJ112: 1.58 | AK112: -2.03 | AL112: 5.88 | AM112: -7.24 | AN112: 8.14 | AO112: 19.66 | AP112: 12.45 | AQ112: -17.47 | AR112: -8.3 | AS112: -3.92 | AT112: 13.03 | AU112: -8.47 | AV112: -3.95 | AW112: 13.11 | AX112: 10.06 | AY112: 0 | AZ112: 5.1 | BA112: -7.04 | BB112: -11.23 | BC112: -7.21 | BD112: -1.27 | BE112: -0.16 | BF112: 6.29 | BG112: -3.19 | BH112: 49.69 | BI112: -31.1 | BJ112: -9.87 | BK112: -5.94 | BL112: 1.62 | BM112: -6.4 | BN112: 10.44 | BO112: 21.65
A113: A000720 | B113: 현대건설 | C113: S310600 | D113: % | F113: 월간수익률(현금배당포함) | G113: -2.43 | H113: -3.36 | I113: 3.78 | J113: -5.98 | K113: -5.58 | L113: 0.66 | M113: 9.62 | N113: 13.35 | O113: 7.48 | P113: -1.12 | Q113: 10.68 | R113: 14.41 | S113: 13.89 | T113: 1.57 | U113: -6.18 | V113: 1.46 | W113: -4.82 | X113: -2.14 | Y113: -12.13 | Z113: 1.91 | AA113: -5.06 | AB113: 2.61 | AC113: 10.62 | AD113: -6.99 | AE113: -2.81 | AF113: -4.5 | AG113: 1.93 | AH113: 14.35 | AI113: -22.2 | AJ113: -6.93 | AK113: 17.48 | AL113: -13.44 | AM113: 9.02 | AN113: -4.34 | AO113: 0.14 | AP113: 12.48 | AQ113: -6.59 | AR113: -0.52 | AS113: -1.84 | AT113: -5.08 | AU113: 2.11 | AV113: -7.86 | AW113: 7.33 | AX113: -2.65 | AY113: -0.72 | AZ113: 0.14 | BA113: -3.19 | BB113: 7.42 | BC113: -6.35 | BD113: -3.46 | BE113: 4.37 | BF113: -4.34 | BG113: -4.69 | BH113: -8.53 | BI113: -1.61 | BJ113: -7.47 | BK113: 22.24 | BL113: 7.89 | BM113: 9.24 | BN113: 15.72 | BO113: 53.36
A114: A138930 | B114: BNK금융지주 | C114: S310600 | D114: % | F114: 월간수익률(현금배당포함) | G114: 0.59 | H114: -1.58 | I114: 2.8 | J114: -1.17 | K114: -0.39 | L114: 8.89 | M114: 2.18 | N114: 6.58 | O114: -2.99 | P114: 7.08 | Q114: 15.08 | R114: 12.96 | S114: 3.65 | T114: -2.77 | U114: 0.26 | V114: 0.13 | W114: 13.92 | X114: -0.45 | Y114: -9.09 | Z114: 12 | AA114: -4.29 | AB114: -1.99 | AC114: 1.01 | AD114: -1.01 | AE114: 0.13 | AF114: -14.96 | AG114: 1.19 | AH114: -1.18 | AI114: -10.28 | AJ114: 6.48 | AK114: 15.29 | AL114: -3.77 | AM114: 8.92 | AN114: -5.37 | AO114: -2.84 | AP114: 2 | AQ114: 1.05 | AR114: 3.28 | AS114: -2.45 | AT114: 2.4 | AU114: 0.44 | AV114: -1.02 | AW114: 5.75 | AX114: -0.42 | AY114: 5.46 | AZ114: 5.05 | BA114: 3.6 | BB114: 7.98 | BC114: 0.71 | BD114: 0.24 | BE114: 12.4 | BF114: 8.91 | BG114: -11.02 | BH114: 4.42 | BI114: 11.86 | BJ114: -2.08 | BK114: 17.6 | BL114: -4.67 | BM114: -8.15 | BN114: 0.97 | BO114: 8.1
A115: A001040 | B115: CJ | C115: S310600 | D115: % | F115: 월간수익률(현금배당포함) | G115: 13.46 | H115: -6.09 | I115: -4.52 | J115: -1.7 | K115: 0.25 | L115: -6.4 | M115: 4.08 | N115: 18.99 | O115: 2.17 | P115: -1.49 | Q115: 1.4 | R115: 1.59 | S115: 19.89 | T115: -6.55 | U115: -8.41 | V115: 3.57 | W115: -2.66 | X115: -3.04 | Y115: -16.49 | Z115: 7.09 | AA115: -4.8 | AB115: 5.92 | AC115: 0.36 | AD115: 3.08 | AE115: -1.84 | AF115: -9.02 | AG115: 2.7 | AH115: -2.01 | AI115: -11.13 | AJ115: 3.31 | AK115: 6.82 | AL115: 12.85 | AM115: -2.02 | AN115: 5.46 | AO115: 20.02 | AP115: -12.27 | AQ115: -3.17 | AR115: -22.91 | AS115: -5.13 | AT115: 8.49 | AU115: 27.74 | AV115: -6.35 | AW115: 9.39 | AX115: 2.61 | AY115: -0.53 | AZ115: 3.19 | BA115: 33.95 | BB115: 0.62 | BC115: 7.99 | BD115: -11.89 | BE115: 8.89 | BF115: -15.42 | BG115: 6.25 | BH115: -13.54 | BI115: -6.62 | BJ115: 3.23 | BK115: -3.73 | BL115: 7.86 | BM115: 13.02 | BN115: 9.49 | BO115: 9.65
A116: A001450 | B116: 현대해상 | C116: S310600 | D116: % | F116: 월간수익률(현금배당포함) | G116: -7.09 | H116: -5.57 | I116: 1.75 | J116: -5.15 | K116: 1.13 | L116: 4.25 | M116: -4.29 | N116: 6.53 | O116: -12.53 | P116: 10.05 | Q116: 11.87 | R116: -0.61 | S116: 0.2 | T116: 4.51 | U116: 1.76 | V116: -1.35 | W116: -0.59 | X116: 3.14 | Y116: -12.38 | Z116: 6.09 | AA116: 10.89 | AB116: 13.16 | AC116: 11.63 | AD116: 1.24 | AE116: -3.53 | AF116: -1.43 | AG116: 5.98 | AH116: -3.96 | AI116: -6.98 | AJ116: 13.65 | AK116: -9.31 | AL116: 3.88 | AM116: 5.09 | AN116: 13.73 | AO116: -3.98 | AP116: 11.09 | AQ116: -12.65 | AR116: -5.34 | AS116: -7.73 | AT116: 5.58 | AU116: 7.27 | AV116: -2.93 | AW116: -0.95 | AX116: -0.64 | AY116: 9.35 | AZ116: -7.08 | BA116: 3.3 | BB116: 2.62 | BC116: 4.79 | BD116: 5.18 | BE116: 4.49 | BF116: -3.47 | BG116: -5.17 | BH116: -8.03 | BI116: -12.36 | BJ116: -7.14 | BK116: 0.2 | BL116: -6.06 | BM116: -6.02 | BN116: 1.6 | BO116: 9.68
A117: A026960 | B117: 동서 | C117: S310600 | D117: % | F117: 월간수익률(현금배당포함) | G117: -3.47 | H117: -5.09 | I117: 36.28 | J117: 18.29 | K117: 16.05 | L117: -2.36 | M117: 17.44 | N117: 1.98 | O117: -9.13 | P117: 30.63 | Q117: -20.72 | R117: -1.57 | S117: -4.77 | T117: 1.84 | U117: -0.33 | V117: -4.94 | W117: 1.04 | X117: 18.49 | Y117: -8.38 | Z117: 0.02 | AA117: -18.39 | AB117: 8.5 | AC117: -0.18 | AD117: -2.19 | AE117: 2.61 | AF117: -4.73 | AG117: -3.44 | AH117: -3.36 | AI117: -14.93 | AJ117: -1.92 | AK117: 4.9 | AL117: -2.36 | AM117: 3.46 | AN117: -7.51 | AO117: 1.55 | AP117: -2.14 | AQ117: 5.93 | AR117: -6.54 | AS117: -4.79 | AT117: -1.11 | AU117: -6.09 | AV117: 2.61 | AW117: 6.2 | AX117: 3.58 | AY117: -5.17 | AZ117: 1.33 | BA117: -2.17 | BB117: 11.45 | BC117: -1.68 | BD117: 2.4 | BE117: -2.97 | BF117: 0 | BG117: 2.74 | BH117: 39.24 | BI117: 4.88 | BJ117: 1.13 | BK117: -14.99 | BL117: 1.07 | BM117: 13.4 | BN117: -2.44 | BO117: 0
A118: A052690 | B118: 한전기술 | C118: S310600 | D118: % | F118: 월간수익률(현금배당포함) | G118: -2.65 | H118: -9.37 | I118: 8 | J118: 0.62 | K118: 0 | L118: -4.6 | M118: 6.11 | N118: 9.92 | O118: -4.48 | P118: 2.64 | Q118: 28.28 | R118: 71.04 | S118: 51.3 | T118: -13.08 | U118: 5.54 | V118: -12.85 | W118: 4.84 | X118: 45.58 | Y118: 17.49 | Z118: 2.32 | AA118: -16.94 | AB118: 26.34 | AC118: -5.72 | AD118: -12.49 | AE118: 0.54 | AF118: -4.05 | AG118: -7.61 | AH118: 12.19 | AI118: -24.73 | AJ118: -10.38 | AK118: 22.05 | AL118: -9.44 | AM118: 20.33 | AN118: -3.81 | AO118: 18.67 | AP118: -6.27 | AQ118: -4.98 | AR118: 4.04 | AS118: 8.78 | AT118: -12.43 | AU118: -2.87 | AV118: -18.66 | AW118: 17.02 | AX118: 2.31 | AY118: 5.63 | AZ118: 8.08 | BA118: -8.04 | BB118: 0.77 | BC118: 6.39 | BD118: -1.86 | BE118: 10.93 | BF118: -11.83 | BG118: -0.3 | BH118: 2.84 | BI118: -1.16 | BJ118: -20.6 | BK118: 30 | BL118: -7.69 | BM118: -9.59 | BN118: 18.26 | BO118: -7.65
A119: A088350 | B119: 한화생명 | C119: S310600 | D119: % | F119: 월간수익률(현금배당포함) | G119: -15.28 | H119: -10.82 | I119: 7.72 | J119: 4.44 | K119: -0.33 | L119: 0.65 | M119: 34.53 | N119: 19.64 | O119: 9.43 | P119: 20.04 | Q119: 0.16 | R119: 8.88 | S119: 10.16 | T119: -2.47 | U119: -9.59 | V119: -1.77 | W119: 8.24 | X119: -3.74 | Y119: -20.14 | Z119: 5.76 | AA119: 0.17 | AB119: 0.51 | AC119: 6.6 | AD119: -6.67 | AE119: -10.54 | AF119: -15.4 | AG119: 3.59 | AH119: 0.22 | AI119: -9.52 | AJ119: 4.54 | AK119: 15.1 | AL119: 10.14 | AM119: -1.08 | AN119: 8.58 | AO119: -19.33 | AP119: 3.33 | AQ119: 1.81 | AR119: 2.18 | AS119: -8.33 | AT119: 6.34 | AU119: 13.52 | AV119: -2.98 | AW119: -0.18 | AX119: 2.35 | AY119: 7.24 | AZ119: 3.79 | BA119: -5.35 | BB119: 4.06 | BC119: -4.92 | BD119: 6.95 | BE119: 3.83 | BF119: -4.66 | BG119: -3.37 | BH119: 3.13 | BI119: -8.95 | BJ119: -8.72 | BK119: 1.42 | BL119: 5.21 | BM119: -3.05 | BN119: 4.12 | BO119: 11.51
...

Sheet FlMktcap
A1: Refresh | B1: Last Update : 2025-06-19 08:32:35
A2: 0
A3: Time Series (Company)
A4: Frequency | B4: M | C4: Ascending | D4: 0
A5: Period(From) | B5: 20200401 | C5: Korean | D5: 0
A6: Period(To) | B6: 20250430 | D6: 0
A8: Code | B8: Name | C8: Item Code | D8: Unit | E8: Base Date | G8: 43950 | H8: 43980 | I8: 44012 | J8: 44043 | K8: 44074 | L8: 44103 | M8: 44134 | N8: 44165 | O8: 44195 | P8: 44225 | Q8: 44253 | R8: 44286 | S8: 44316 | T8: 44347 | U8: 44377 | V8: 44407 | W8: 44439 | X8: 44469 | Y8: 44498 | Z8: 44530 | AA8: 44560 | AB8: 44589 | AC8: 44620 | AD8: 44651 | AE8: 44680 | AF8: 44712 | AG8: 44742 | AH8: 44771 | AI8: 44804 | AJ8: 44834 | AK8: 44865 | AL8: 44895 | AM8: 44924 | AN8: 44957 | AO8: 44985 | AP8: 45016 | AQ8: 45044 | AR8: 45077 | AS8: 45107 | AT8: 45138 | AU8: 45169 | AV8: 45196 | AW8: 45230 | AX8: 45260 | AY8: 45288 | AZ8: 45322 | BA8: 45351 | BB8: 45380 | BC8: 45412 | BD8: 45443 | BE8: 45471 | BF8: 45504 | BG8: 45534 | BH8: 45565 | BI8: 45596 | BJ8: 45625 | BK8: 45656 | BL8: 45688 | BM8: 45716 | BN8: 45747 | BO8: 45777
A9: IKS200 | B9: 코스피 200 | C9: S102306 | D9: KRW bil | F9: 유동시가총액 | G9: 709426.04 | H9: 737363.29 | I9: 779309.5 | J9: 831609.01 | K9: 852777.44 | L9: 861115.63 | M9: 842702.77 | N9: 966882.03 | O9: 1102542 | P9: 1151962 | Q9: 1168459.7 | R9: 1183899.4 | S9: 1209133.9 | T9: 1222314.5 | U9: 1264867.7 | V9: 1223717.7 | W9: 1214434.3 | X9: 1183963.9 | Y9: 1148272.2 | Z9: 1105375.4 | AA9: 1178210.6 | AB9: 1070556.8 | AC9: 1093070.3 | AD9: 1123415.3 | AE9: 1091651.7 | AF9: 1091415.1 | AG9: 953054.95 | AH9: 1003207.6 | AI9: 1003822.4 | AJ9: 876648.54 | AK9: 936142.34 | AL9: 1004019.8 | AM9: 909317.88 | AN9: 991842.71 | AO9: 985855.55 | AP9: 1011031.3 | AQ9: 1026356.9 | AR9: 1064025 | AS9: 1063802.6 | AT9: 1086558.5 | AU9: 1053124.5 | AV9: 1027584.3 | AW9: 959946.18 | AX9: 1064016.1 | AY9: 1130317.1 | AZ9: 1072740.9 | BA9: 1138356.8 | BB9: 1201994.7 | BC9: 1171167.9 | BD9: 1149481.1 | BE9: 1247659.2 | BF9: 1236549.3 | BG9: 1175952.5 | BH9: 1126128.1 | BI9: 1104078 | BJ9: 1058968.5 | BK9: 1032537.5 | BL9: 1080491.1 | BM9: 1082384.3 | BN9: 1073578.9 | BO9: 1093309.4
A10: =Ret!A10 -> A005930 | B10: 삼성전자 | C10: S102306 | D10: KRW bil | F10: 유동시가총액 | G10: 223269.87 | H10: 226335.11 | I10: 235520.82 | J10: 257820.64 | K10: 240357.77 | L10: 259191.24 | M10: 252268.44 | N10: 297324.36 | O10: 360826.79 | P10: 365673.06 | Q10: 367853.52 | R10: 362948.81 | S10: 363297.39 | T10: 358695.58 | U10: 359490.4 | V10: 349643.3 | W10: 341946.52 | X10: 330222.4 | Y10: 311018.03 | Z10: 317531.54 | AA10: 348752.49 | AB10: 326876.04 | AC10: 321653.85 | AD10: 312162.8 | AE10: 302456.53 | AF10: 302697.94 | AG10: 256535.29 | AH10: 276338.01 | AI10: 268758.24 | AJ10: 239299.87 | AK10: 268365.13 | AL10: 281201 | AM10: 250171.74 | AN10: 275994.39 | AO10: 274184.59 | AP10: 289644.3 | AQ10: 296471.94 | AR10: 323262.29 | AS10: 327013.58 | AT10: 316185 | AU10: 303168.18 | AV10: 310088.18 | AW10: 303327.93 | AX10: 330209.21 | AY10: 356250.95 | AZ10: 331969.04 | BA10: 335253.08 | BB10: 376557.17 | BC10: 354673.74 | BD10: 336280.24 | BE10: 372346.98 | BF10: 383161.54 | BG10: 338920.26 | BH10: 280606.35 | BI10: 270041.44 | BJ10: 246748.54 | BK10: 241338.49 | BL10: 237021.14 | BM10: 246162.19 | BN10: 260003.64 | BO10: 248868.98
A11: =Ret!A11 -> A000660 | B11: SK하이닉스 | C11: S102306 | D11: KRW bil | F11: 유동시가총액 | G11: 44871.65 | H11: 43603.23 | I11: 45461.11 | J11: 44238.46 | K11: 40173.7 | L11: 44983.56 | M11: 42793.75 | N11: 52340.82 | O11: 63605.6 | P11: 65770.46 | Q11: 75909.79 | R11: 71062.31 | S11: 68676.83 | T11: 68639.56 | U11: 68473.54 | V11: 60409.64 | W11: 57195.54 | X11: 55323.37 | Y11: 55330.87 | Z11: 61240 | AA11: 70381.81 | AB11: 64740.52 | AC11: 66361.31 | AD11: 63405.95 | AE11: 60450.59 | AF11: 58032.56 | AG11: 48904.43 | AH11: 52612.57 | AI11: 51161.56 | AJ11: 44658.88 | AK11: 44455.96 | AL11: 45692.34 | AM11: 40316.77 | AN11: 47560.9 | AO11: 48077.12 | AP11: 47653.35 | AQ11: 48137.41 | AR11: 58402.4 | AS11: 61909.79 | AT11: 66361.48 | AU11: 65501.04 | AV11: 61666.13 | AW11: 62517.87 | AX11: 71978.88 | AY11: 76033.4 | AZ11: 72408.92 | BA11: 84091.48 | BB11: 98466.18 | BC11: 93794.6 | BD11: 101857.29 | BE11: 127304.39 | BF11: 104920.25 | BG11: 93651.84 | BH11: 94213.35 | BI11: 100499.49 | BJ11: 86234.73 | BK11: 93759.67 | BL11: 107443.89 | BM11: 102769.5 | BN11: 103025.78 | BO11: 95907.4
A12: =Ret!A12 -> A373220 | B12: LG에너지솔루션 | C12: S102306 | D12: KRW bil | F12: 유동시가총액 | AB12: 15458.04 | AC12: 14152.69 | AD12: 15214.26 | AE12: 14353.72 | AF12: 15283.1 | AG12: 12796.38 | AH12: 14555.46 | AI12: 15952.37 | AJ12: 14750.59 | AK12: 18260.99 | AL12: 20301.51 | AM12: 15072.05 | AN12: 18031.08 | AO12: 18100.3 | AP12: 23217.85 | AQ12: 23098.58 | AR12: 23814.2 | AS12: 22412.43 | AT12: 22696.13 | AU12: 22047.67 | AV12: 19311.97 | AW12: 15714.06 | AX12: 18526.69 | AY12: 17426.1 | AZ12: 15584.12 | BA12: 16422.63 | BB12: 16156.76 | BC12: 15911.34 | BD12: 13538.96 | BE12: 13354.89 | BF12: 13313.29 | BG12: 15943.08 | BH12: 17031.97 | BI12: 16744.34 | BJ12: 15675.99 | BK12: 14299.46 | BL12: 14463.82 | BM12: 14463.82 | BN12: 13744.74 | BO12: 13333.83
A13: =Ret!A13 -> A207940 | B13: 삼성바이오로직스 | C13: S102306 | D13: KRW bil | F13: 유동시가총액 | G13: 9545.12 | H13: 10218.69 | I13: 12742.55 | J13: 12051.99 | K13: 12791.88 | L13: 11349.55 | M13: 11217.96 | N13: 12928.61 | O13: 13586.56 | P13: 13049 | Q13: 12341.43 | R13: 12308.52 | S13: 13224.69 | T13: 13910.26 | U13: 13849.98 | V13: 14662.83 | W13: 15904.84 | X13: 14405.01 | Y13: 14355.56 | Z13: 14652.23 | AA13: 14882.98 | AB13: 12179.98 | AC13: 14182.71 | AD13: 15062.5 | AE13: 15262.85 | AF13: 15426.77 | AG13: 13905.05 | AH13: 15225.15 | AI13: 14691.17 | AJ13: 14210.02 | AK13: 15436.37 | AL13: 15625.01 | AM13: 14462.38 | AN13: 13974.79 | AO13: 13622.33 | AP13: 13892.28 | AQ13: 13768.87 | AR13: 13821.76 | AS13: 13286.02 | AT13: 13673.44 | AU13: 13155.77 | AV13: 12156.15 | AW13: 12696.33 | AX13: 12982.85 | AY13: 13615.02 | AZ13: 15066.11 | BA13: 13882.35 | BB13: 14904.69 | BC13: 14102.4 | BD13: 13181.5 | BE13: 13127.33 | BF13: 16944 | BG13: 17702.68 | BH13: 17648.49 | BI13: 18100.09 | BJ13: 17612.36 | BK13: 17142.7 | BL13: 19527.14 | BM13: 20167.32 | BN13: 18324.07 | BO13: 19010.77
A14: =Ret!A14 -> A005380 | B14: 현대차 | C14: S102306 | D14: KRW bil | F14: 유동시가총액 | G14: 12809.58 | H14: 13411.74 | I14: 13370.68 | J14: 17312.09 | K14: 24158.59 | L14: 24432.34 | M14: 22502.02 | N14: 24749.89 | O14: 26280.16 | P14: 31344.57 | Q14: 32444.64 | R14: 29685.22 | S14: 28868.2 | T14: 32000.12 | U14: 32612.89 | V14: 29685.22 | W14: 28936.28 | X14: 27259.79 | Y14: 28350.18 | Z14: 26575.43 | AA14: 28218.54 | AB14: 25435.89 | AC14: 23437.26 | AD14: 24173.86 | AE14: 24910.46 | AF14: 25379.21 | AG14: 24189.29 | AH14: 26266.49 | AI14: 26266.49 | AJ14: 24045.45 | AK14: 22621.52 | AL14: 23240.35 | AM14: 20765.04 | AN14: 22797.6 | AO14: 24065.18 | AP14: 25297.67 | AQ14: 27080.16 | AR14: 27422.94 | AS14: 28266.14 | AT14: 26828.88 | AU14: 25884.39 | AV14: 26158.16 | AW14: 23228.88 | AX14: 25402.79 | AY14: 28049.2 | AZ14: 26661.94 | BA14: 34341.94 | BB14: 31942.8 | BC14: 34413.3 | BD14: 34687.51 | BE14: 40439.73 | BF14: 34196.45 | BG14: 35089.13 | BH14: 34015.64 | BI14: 29972.8 | BJ14: 30442.42 | BK14: 29350.35 | BL14: 28196.13 | BM14: 26154.05 | BN14: 26723.21 | BO14: 25828.82
A15: =Ret!A15 -> A068270 | B15: 셀트리온 | C15: S102306 | D15: KRW bil | F15: 유동시가총액 | G15: 21456.84 | H15: 21805.95 | I15: 31290.66 | J15: 30319.22 | K15: 30398.62 | L15: 26355.7 | M15: 24683.16 | N15: 34823.76 | O15: 37518.36 | P15: 33905.18 | Q15: 31142.94 | R15: 33938.08 | S15: 27830.8 | T15: 28768.36 | U15: 28146.95 | V15: 26574.5 | W15: 30719.34 | X15: 27160.53 | Y15: 20985.3 | Z15: 21659.01 | AA15: 21130.47 | AB15: 16059.42 | AC15: 16928.54 | AD15: 18124.95 | AE15: 18570.82 | AF15: 16926.86 | AG15: 18774.94 | AH15: 19973.83 | AI15: 19922 | AJ15: 18452.66 | AK15: 20187.53 | AL15: 18506.99 | AM15: 17551.84 | AN15: 17679.23 | AO15: 15837.73 | AP15: 16293.44 | AQ15: 17444.64 | AR15: 18614.47 | AS15: 16563.54 | AT15: 15833.85 | AU15: 15530.86 | AV15: 14940.04 | AW15: 15846.34 | AX15: 16885.1 | AY15: 20809.41 | AZ15: 26119.31 | BA15: 26131.5 | BB15: 27724.59 | BC15: 27372.62 | BD15: 25483.1 | BE15: 25178.05 | BF15: 29509.45 | BG15: 29283.56 | BH15: 28187.23 | BI15: 26306.55 | BJ15: 26832.43 | BK15: 28174.72 | BL15: 26951.25 | BM15: 27514.57 | BN15: 25184.33 | BO15: 23904.51
A16: =Ret!A16 -> A000270 | B16: 기아 | C16: S102306 | D16: KRW bil | F16: 유동시가총액 | G16: 7255.88 | H16: 8381.59 | I16: 7844.51 | J16: 9888.24 | K16: 10389.99 | L16: 11479.17 | M16: 12362.35 | N16: 14149.38 | O16: 15315.92 | P16: 20249.42 | Q16: 19488.53 | R16: 20771.02 | S16: 19292.74 | T16: 21447.52 | U16: 22536.9 | V16: 21027.74 | W16: 21405.03 | X16: 20440.53 | Y16: 21415.38 | Z16: 19584.64 | AA16: 20725.58 | AB16: 20675.15 | AC16: 18607.64 | AD16: 18412.09 | AE16: 20850.45 | AF16: 21323.19 | AG16: 19245.7 | AH16: 20216.7 | AI16: 20117.11 | AJ16: 17907.07 | AK16: 16480.11 | AL16: 17085.19 | AM16: 14768.98 | AN16: 16631.47 | AO16: 18430.31 | AP16: 19641.56 | AQ16: 20558.77 | AR16: 20897.49 | AS16: 21611.85 | AT16: 20195.48 | AU16: 19584.97 | AV16: 19878.01 | AW16: 18779.11 | AX16: 21073.62 | AY16: 24532.74 | AZ16: 24818.07 | BA16: 29702.34 | BB16: 26175.55 | BC16: 28028.27 | BD16: 27960.33 | BE16: 30715.98 | BF16: 26800.35 | BG16: 25365.89 | BH16: 23883.63 | BI16: 21971.02 | BJ16: 22384.24 | BK16: 24263.65 | BL16: 24576.88 | BM16: 22456.53 | BN16: 22188.28 | BO16: 21580.55
A17: =Ret!A17 -> A105560 | B17: KB금융 | C17: S102306 | D17: KRW bil | F17: 유동시가총액 | G17: 11065.29 | H17: 10836.37 | I17: 10799.26 | J17: 11239.16 | K17: 11744.71 | L17: 11978.74 | M17: 12783.88 | N17: 14401.01 | O17: 13785.39 | P17: 12740.39 | Q17: 13896.05 | R17: 17904.87 | S17: 17433.81 | T17: 18725.88 | U17: 17768.15 | V17: 16328.84 | W17: 16838.12 | X17: 17572.15 | Y17: 17978.18 | Z17: 16775.55 | AA17: 17620.9 | AB17: 19077.45 | AC17: 19134.13 | AD17: 19716.22 | AE17: 18832.53 | AF17: 19441.69 | AG17: 15605.85 | AH17: 15685.1 | AI17: 15969.72 | AJ17: 14123.5 | AK17: 15543.14 | AL17: 16995.5 | AM17: 15732.34 | AN17: 18036.73 | AO17: 16428.73 | AP17: 15090.32 | AQ17: 15673.44 | AR17: 15184.93 | AS17: 15094.28 | AT17: 16082.54 | AU17: 17047.01 | AV17: 17371.58 | AW17: 16005.39 | AX17: 16202.63 | AY17: 16728.29 | AZ17: 17594.96 | BA17: 20067.9 | BB17: 21997.73 | BC17: 23785.09 | BD17: 24890.93 | BE17: 24634.13 | BF17: 27871.24 | BG17: 27212.82 | BH17: 25558.3 | BI17: 28360.98 | BJ17: 30176.16 | BK17: 25968.31 | BL17: 28659.94 | BM17: 24259.29 | BN17: 24162.17 | BO17: 27538
A18: =Ret!A18 -> A005490 | B18: POSCO홀딩스 | C18: S102306 | D18: KRW bil | F18: 유동시가총액 | G18: 11160.45 | H18: 10874.56 | I18: 10429.73 | J18: 11564.83 | K18: 11118.62 | L18: 11801.4 | M18: 12351.65 | N18: 13660.99 | O18: 15713.44 | P18: 14334.51 | Q18: 16392.33 | R18: 18466.87 | S18: 21094.92 | T18: 20684.77 | U18: 20461.98 | V18: 21594.5 | W18: 19894.53 | X18: 19648.16 | Y18: 17613.48 | Z18: 15508.05 | AA18: 16300.62 | AB18: 15736.48 | AC18: 16971.35 | AD18: 17335.34 | AE18: 17101.2 | AF18: 17108.76 | AG18: 13868.64 | AH18: 14569.01 | AI18: 15349.42 | AJ18: 12701.74 | AK18: 14997.68 | AL18: 18082.43 | AM18: 16700.81 | AN18: 18160.6 | AO18: 19228.96 | AP18: 22323.96 | AQ18: 23070.79 | AR18: 22100.49 | AS18: 23898.17 | AT18: 39749.17 | AU18: 36651.61 | AV18: 33821.09 | AW18: 25989.43 | AX18: 30909.61 | AY18: 31914.84 | AZ18: 27121.38 | BA18: 27508.04 | BB18: 26902.41 | BC18: 25815.24 | BD18: 23523.67 | BE18: 23141.17 | BF18: 22345.63 | BG18: 21605.78 | BH18: 24503.54 | BI18: 21597.02 | BJ18: 18213.28 | BK18: 16490.22 | BL18: 16941.27 | BM18: 17748.69 | BN18: 18045.14 | BO18: 17054.07
A19: =Ret!A19 -> A035420 | B19: NAVER | C19: S102306 | D19: KRW bil | F19: 유동시가총액 | G19: 24642.96 | H19: 28169.33 | I19: 33174.44 | J19: 37453.29 | K19: 40144.41 | L19: 37146.61 | M19: 36851.51 | N19: 35632.3 | O19: 37572.79 | P19: 44149.86 | Q19: 48712.31 | R19: 49554.23 | S19: 47419.31 | T19: 47993.66 | U19: 55302.89 | V19: 57457.88 | W19: 58323.89 | X19: 52077.21 | Y19: 54627.39 | Z19: 51137.68 | AA19: 50804.15 | AB19: 41640.25 | AC19: 42714.84 | AD19: 45759.46 | AE19: 38502.45 | AF19: 38704.04 | AG19: 32729.76 | AH19: 35363.36 | AI19: 32773.07 | AJ19: 26426.46 | AK19: 23115.39 | AL19: 25501.94 | AM19: 24209.3 | AN19: 27662.24 | AO19: 28481.87 | AP19: 27610.51 | AQ19: 26284.66 | AR19: 27268.8 | AS19: 25001.14 | AT19: 31090.96 | AU19: 29378.9 | AV19: 27264.5 | AW19: 25378.18 | AX19: 28169.97 | AY19: 30340.52 | AZ19: 27193.3 | BA19: 26447.35 | BB19: 25784.85 | BC19: 25372.07 | BD19: 23418.25 | BE19: 22969.62 | BF19: 23991.97 | BG19: 23314.28 | BH19: 23355.64 | BI19: 23039.29 | BJ19: 27986.33 | BK19: 26962.63 | BL19: 29372.47 | BM19: 28083.61 | BN19: 25713.17 | BO19: 26992.1
A20: =Ret!A20 -> A055550 | B20: 신한지주 | C20: S102306 | D20: KRW bil | F20: 유동시가총액 | G20: 12119.31 | H20: 11816.63 | I20: 11249.14 | J20: 11761.55 | K20: 11584.3 | L20: 10771.5 | M20: 11853.07 | N20: 12457.49 | O20: 12399.46 | P20: 11869 | Q20: 12756.25 | R20: 14484.84 | S20: 15458.73 | T20: 16401.19 | U20: 15659.15 | V20: 15099.89 | W20: 14976.15 | X20: 15694.71 | Y20: 16355.3 | Z20: 14817.76 | AA20: 15828.45 | AB20: 16385.46 | AC20: 16769.99 | AD20: 17755.68 | AE20: 17946.68 | AF20: 18343.36 | AG20: 15879.92 | AH20: 15306.79 | AI20: 15696.43 | AJ20: 14380.7 | AK20: 15489.57 | AL20: 16206.84 | AM20: 14972.11 | AN20: 17744.93 | AO20: 16518.69 | AP20: 14945.99 | AQ20: 14798.96 | AR20: 15349.47 | AS20: 14853.34 | AT20: 15290.24 | AU20: 15412.54 | AV20: 15428.48 | AW20: 15029.65 | AX20: 15913.89 | AY20: 17265.85 | AZ20: 17624.15 | BA20: 18657.28 | BB20: 19570.08 | BC20: 19849.4 | BD20: 19970.88 | BE20: 20254.63 | BF20: 25045.62 | BG20: 23478.83 | BH20: 23224.89 | BI20: 21415.07 | BJ20: 21951.78 | BK20: 19673.52 | BL20: 20848.4 | BM20: 18558.71 | BN20: 18885.73 | BO20: 19977.11
A21: =Ret!A21 -> A012330 | B21: 현대모비스 | C21: S102306 | D21: KRW bil | F21: 유동시가총액 | G21: 10967.18 | H21: 12625.01 | I21: 12242.44 | J21: 13103.23 | K21: 14282.84 | L21: 14665.42 | M21: 14294.89 | N21: 15370.23 | O21: 16058.22 | P21: 19954.93 | Q21: 19023.44 | R21: 18240.85 | S21: 16784.63 | T21: 17387.71 | U21: 18132.9 | V21: 16531.69 | W21: 17140.39 | X21: 15583.93 | Y21: 15467.39 | Z21: 13533.84 | AA21: 15620.69 | AB21: 14239.68 | AC21: 13748.66 | AD21: 13196.26 | AE21: 12735.92 | AF21: 13411.08 | AG21: 12214.21 | AH21: 14024.86 | AI21: 13196.26 | AJ21: 11986.91 | AK21: 13782.83 | AL21: 13405.22 | AM21: 12467.29 | AN21: 12625.13 | AO21: 13055.19 | AP21: 13270.21 | AQ21: 13362.37 | AR21: 13700.27 | AS21: 14283.91 | AT21: 14305.84 | AU21: 14111.17 | AV21: 14641.61 | AW21: 12677.73 | AX21: 13968.44 | AY21: 14456.42 | AZ21: 12809.49 | BA21: 14757.84 | BB21: 15456.46 | BC21: 13788.14 | BD21: 12941.35 | BE21: 15174.31 | BF21: 13303.92 | BG21: 13122.91 | BH21: 13195.72 | BI21: 15137.16 | BJ21: 14530.46 | BK21: 14383.64 | BL21: 16025.75 | BM21: 14867.09 | BN21: 15661.61 | BO21: 15960.56
A22: =Ret!A22 -> A006400 | B22: 삼성SDI | C22: S102306 | D22: KRW bil | F22: 유동시가총액 | G22: 14462.86 | H22: 18137.15 | I22: 18361.99 | J22: 20063.08 | K22: 22842.22 | L22: 21871.17 | M22: 22293.94 | N22: 26858.22 | O22: 31593.51 | P22: 36890.84 | Q22: 33852.06 | R22: 33130.75 | S22: 32825.06 | T22: 30897.21 | U22: 35062.28 | V22: 37217.18 | W22: 39768.93 | X22: 35992.87 | Y22: 36764.65 | Z22: 34436.95 | AA22: 32780.67 | AB22: 29227.35 | AC22: 27440.73 | AD22: 29872.99 | AE22: 30620.63 | AF22: 28824.37 | AG22: 26709.05 | AH22: 28566.64 | AI22: 30026.69 | AJ22: 27415.68 | AK22: 37011.21 | AL22: 36639.54 | AM22: 29715.85 | AN22: 34432.81 | AO22: 34995.31 | AP22: 36971.42 | AQ22: 34762.92 | AR22: 36121.24 | AS22: 33656.14 | AT22: 33454.91 | AU22: 30893.41 | AV22: 25761.28 | AW22: 21447.07 | AX22: 23816.84 | AY22: 23829.83 | AZ22: 18808.94 | BA22: 19056.9 | BB22: 23811.73 | BC22: 21947.13 | BD22: 18940.83 | BE22: 17908.88 | BF22: 16165.72 | BG22: 17916.19 | BH22: 19148.34 | BI22: 16545.2 | BJ22: 12880.42 | BK22: 12527.85 | BL22: 11237.1 | BM22: 11344.5 | BN22: 9551.78 | BO22: 10152.05
A23: =Ret!A23 -> A051910 | B23: LG화학 | C23: S102306 | D23: KRW bil | F23: 유동시가총액 | G23: 17087.01 | H23: 17722.38 | I23: 22260.76 | J23: 25778.01 | K23: 33584.02 | L23: 29990.34 | M23: 28018.5 | N23: 36685.43 | O23: 38373.49 | P23: 42788.63 | Q23: 38775.74 | R23: 37562.54 | S23: 43488.55 | T23: 38215.8 | U23: 39662.31 | V23: 39289.02 | W23: 35369.45 | X23: 36209.35 | Y23: 39014.95 | Z23: 32388.01 | AA23: 28701.19 | AB23: 29821.23 | AC23: 26367.76 | AD23: 24827.69 | AE23: 24221 | AF23: 27301.13 | AG23: 24081 | AH23: 28141.16 | AI23: 29494.55 | AJ23: 25014.37 | AK23: 29214.54 | AL23: 34806.4 | AM23: 28221.41 | AN23: 32454.62 | AO23: 31984.26 | AP23: 33489.4 | AQ23: 34806.4 | AR23: 32595.72 | AS23: 31372.8 | AT23: 30479.12 | AU23: 27421.8 | AV23: 23353.21 | AW23: 20695.7 | AX23: 23564.87 | AY23: 23470.8 | AZ23: 20437 | BA23: 21307.16 | BB23: 20648.66 | BC23: 18931.86 | BD23: 16533.04 | BE23: 16250.83 | BF23: 14369.4 | BG23: 15121.97 | BH23: 16768.22 | BI23: 14732.41 | BJ23: 13217.8 | BK23: 11635.38 | BL23: 11053.61 | BM23: 10773.28 | BN23: 11245.29 | BO23: 9914.21
A24: =Ret!A24 -> A028260 | B24: 삼성물산 | C24: S102306 | D24: KRW bil | F24: 유동시가총액 | G24: 10503.97 | H24: 9819.57 | I24: 11504.99 | J24: 10517.15 | K24: 10715.58 | L24: 10417.93 | M24: 10971.89 | N24: 11967.07 | O24: 13705.03 | P24: 12920.25 | Q24: 12075.47 | R24: 12387.59 | S24: 13526.74 | T24: 13777.98 | U24: 13584.12 | V24: 14079.06 | W24: 13235.81 | X24: 12295.01 | Y24: 11349.24 | Z24: 10503.03 | AA24: 11835.9 | AB24: 10644.36 | AC24: 10942.8 | AD24: 11342.85 | AE24: 11492.1 | AF24: 12037.08 | AG24: 12077.43 | AH24: 11831.95 | AI24: 11829.7 | AJ24: 10162.71 | AK24: 11635.57 | AL24: 11979.24 | AM24: 11144.62 | AN24: 11637.79 | AO24: 10812.83 | AP24: 10630.28 | AQ24: 10767.82 | AR24: 10866.7 | AS24: 10400.95 | AT24: 10164.79 | AU24: 10302.55 | AV24: 10587.92 | AW24: 10499.36 | AX24: 11741.42 | AY24: 12745.29 | AZ24: 13748.33 | BA24: 15611.33 | BB24: 15793.6 | BC24: 14987.23 | BD24: 13488.86 | BE24: 14177.78 | BF24: 15511.23 | BG24: 14752.14 | BH24: 13763.34 | BI24: 11685.86 | BJ24: 11885.61 | BK24: 11466.12 | BL24: 11975.51 | BM24: 12135.2 | BN24: 11675.76 | BO24: 12227.17
... A31: =Ret!A31 -> A035720 | B31: 카카오 | C31: S102306 | D31: KRW bil | F31: 유동시가총액 | G31: 10980.88 | H31: 15780.19 | I31: 16189.25 | J31: 20802.75 | K31: 24716.97 | L31: 22156.01 | M31: 20134.8 | N31: 23267.11 | O31: 24694.37 | P31: 28030.04 | Q31: 31084.36 | R31: 31776.83 | S31: 36731.52 | T31: 39810.26 | U31: 52772.53 | V31: 47668.89 | W31: 50304.83 | X31: 38342.13 | Y31: 40829.72 | Z31: 39731.95 | AA31: 36660.23 | AB31: 27710.16 | AC31: 30684.83 | AD31: 34736.09 | AE31: 29343.56 | AF31: 27835 | AG31: 22940.48 | AH31: 24558.89 | AI31: 24113.4 | AJ31: 18767.87 | AK31: 16664.68 | AL31: 18548.87 | AM31: 17471.21 | AN31: 20202.72 | AO31: 20544.26 | AP31: 20122.33 | AQ31: 19150.21 | AR31: 18537.58 | AS31: 16203.68 | AT31: 16935.77 | AU31: 15884.63 | AV31: 14518.36 | AW31: 12488.59 | AX31: 16689.38 | AY31: 17957.85 | AZ31: 17366.49 | BA31: 17639.41 | BB31: 17780.34 | BC31: 16097.14 | BD31: 14343.27 | BE31: 13467.55 | BF31: 12990.3 | BG31: 12328.88 | BH31: 11981.85 | BI31: 12247.1 | BJ31: 13293.6 | BK31: 12664.04 | BL31: 12716.59 | BM31: 14308.66 | BN31: 12967.01 | BO31: 12691.14
A32: =Ret!A32 -> A329180 | B32: HD현대중공업 | C32: S102306 | D32: KRW bil | F32: 유동시가총액 | X32: 1675.39 | Y32: 1697.15 | Z32: 1544.84 | AA32: 1383.46 | AB32: 1443.04 | AC32: 1591.27 | AD32: 1757.81 | AE32: 2059.36 | AF32: 1930.04 | AG32: 2321.83 | AH32: 2029.58 | AI32: 2329.95 | AJ32: 2157.14 | AK32: 2044.6 | AL32: 2222.79 | AM32: 2175.9 | AN32: 2104.92 | AO32: 2021.33 | AP32: 1907.73 | AQ32: 2090.88 | AR32: 2214.88 | AS32: 2524.18 | AT32: 2677.51 | AU32: 2506.93 | AV32: 2322.93 | AW32: 1961.39 | AX32: 2405.15 | AY32: 2478.15 | AZ32: 2194.96 | BA32: 2268.06 | BB32: 2269.98 | BC32: 2648.95 | BD32: 2818.57 | BE32: 3409.88 | BF32: 4634.08 | BG32: 4256.33 | BH32: 4054.27 | BI32: 4010.35 | BJ32: 4831.74 | BK32: 6314.21 | BL32: 6830.33 | BM32: 6500.89 | BN32: 6127.53 | BO32: 8921.7
A33: =Ret!A33 -> A000810 | B33: 삼성화재 | C33: S102306 | D33: KRW bil | F33: 유동시가총액 | G33: 5916.73 | H33: 5668.26 | I33: 5466.37 | J33: 5326.61 | K33: 5808.02 | L33: 5652.73 | M33: 5559.55 | N33: 5839.08 | O33: 5824.44 | P33: 5218.7 | Q33: 5373.2 | R33: 5901.2 | S33: 6149.67 | T33: 6568.97 | U33: 6848.5 | V33: 6662.14 | W33: 7019.32 | X33: 7298.85 | Y33: 7174.62 | Z33: 6273.91 | AA33: 6273.91 | AB33: 6227.32 | AC33: 5916.73 | AD33: 6801.91 | AE33: 6522.38 | AF33: 6180.73 | AG33: 6242.85 | AH33: 6134.14 | AI33: 6056.49 | AJ33: 5714.85 | AK33: 6211.79 | AL33: 6382.61 | AM33: 6211.79 | AN33: 6304.97 | AO33: 6662.14 | AP33: 6398.14 | AQ33: 6988.26 | AR33: 7003.79 | AS33: 7143.56 | AT33: 7578.38 | AU33: 7656.03 | AV33: 8090.85 | AW33: 8028.74 | AX33: 8075.33 | AY33: 8169.75 | AZ33: 8200.81 | BA33: 9256.98 | BB33: 9505.49 | BC33: 9629.74 | BD33: 10825.69 | BE33: 12083.77 | BF33: 11571.22 | BG33: 10763.57 | BH33: 10701.44 | BI33: 10452.93 | BJ33: 12192.49 | BK33: 11136.33 | BL33: 11850.79 | BM33: 11881.86 | BN33: 11105.27 | BO33: 11633.35
A34: =Ret!A34 -> A259960 | B34: 크래프톤 | C34: S102306 | D34: KRW bil | F34: 유동시가총액 | W34: 12588.7 | X34: 12883.95 | Y34: 12053.39 | Z34: 12913.42 | AA34: 11814.28 | AB34: 7053.45 | AC34: 8575.73 | AD34: 8034.55 | AE34: 7349.21 | AF34: 7567.93 | AG34: 6388.96 | AH34: 6811.97 | AI34: 7191.23 | AJ34: 6132.58 | AK34: 5183.49 | AL34: 6598.95 | AM34: 4885.58 | AN34: 5243.98 | AO34: 4966.13 | AP34: 5484.27 | AQ34: 5649.55 | AR34: 5499.87 | AS34: 5668.65 | AT34: 4999.36 | AU34: 4510.48 | AV34: 4383.17 | AW34: 4768.93 | AX34: 6201.36 | AY34: 5636.54 | AZ34: 6246.3 | BA34: 6610.3 | BB34: 7174.79 | BC34: 6848.04 | BD34: 7083.19 | BE34: 7979.3 | BF34: 8336.64 | BG34: 9273.08 | BH34: 9711.6 | BI34: 9386.12 | BJ34: 8848.93 | BK34: 8642.66 | BL34: 10065.44 | BM34: 9500.34 | BN34: 9227.91 | BO34: 9979.58
A35: =Ret!A35 -> A015760 | B35: 한국전력 | C35: S102306 | D35: KRW bil | F35: 유동시가총액 | G35: 6805.67 | H35: 6170.56 | I35: 5559.38 | J35: 5450.24 | K35: 5856.32 | L35: 5827.75 | M35: 5695.35 | N35: 6124.95 | O35: 7827.47 | P35: 6512.98 | Q35: 6468.77 | R35: 6589.58 | S35: 6730.38 | T35: 7342.23 | U35: 7060.71 | V35: 7087.71 | W35: 7168.94 | X35: 7028.48 | Y35: 6744.95 | Z35: 6194.15 | AA35: 6597.14 | AB35: 6129.54 | AC35: 6904.66 | AD35: 6729.34 | AE35: 6863.03 | AF35: 6941.8 | AG35: 6692.39 | AH35: 6633.03 | AI35: 6217.54 | AJ35: 5958.83 | AK35: 4966.76 | AL35: 6136.7 | AM35: 6447.41 | AN35: 5866.46 | AO35: 5337.18 | AP35: 5314.95 | AQ35: 5512.67 | AR35: 5630.72 | AS35: 6070.03 | AT35: 5660.45 | AU35: 5250.87 | AV35: 5313.27 | AW35: 4990.02 | AX35: 5560.42 | AY35: 5576.38 | AZ35: 5817.84 | BA35: 7301.24 | BB35: 6474.08 | BC35: 6218.51 | BD35: 5716.18 | BE35: 5747.68 | BF35: 5792.94 | BG35: 6363.51 | BH35: 6024.95 | BI35: 6772.57 | BJ35: 7007.12 | BK35: 5878.36 | BL35: 6171.54 | BM35: 6258.13 | BN35: 6346.07 | BO35: 7518.55
A36: =Ret!A36 -> A066570 | B36: LG전자 | C36: S102306 | D36: KRW bil | F36: 유동시가총액 | G36: 5896.37 | H36: 6368.94 | I36: 6789.88 | J36: 7595.64 | K36: 9046.01 | L36: 9851.77 | M36: 9027.27 | N36: 9188.47 | O36: 14508.12 | P36: 16447.54 | Q36: 15748.79 | R36: 16132.4 | S36: 16939.02 | T36: 16347.5 | U36: 17586.99 | V36: 16941.6 | W36: 15274.33 | X36: 13714.63 | Y36: 12961.67 | Z36: 12425.73 | AA36: 14846.33 | AB36: 13714.63 | AC36: 13284.36 | AD36: 12963.64 | AE36: 12533.31 | AF36: 11296.12 | AG36: 9499.5 | AH36: 10155.75 | AI36: 10865.79 | AJ36: 8455.95 | AK36: 8778.7 | AL36: 10500.01 | AM36: 9305.85 | AN36: 10768.97 | AO36: 11963.13 | AP36: 12404.21 | AQ36: 11758.72 | AR36: 13211.08 | AS36: 13630.65 | AT36: 11661.9 | AU36: 10596.83 | AV36: 10855.03 | AW36: 10725.93 | AX36: 11048.68 | AY36: 10951.86 | AZ36: 10058.92 | BA36: 10217.3 | BB36: 10232.61 | BC36: 9994.37 | BD36: 11272.89 | BE36: 11929.04 | BF36: 11185.13 | BG36: 10690.4 | BH36: 11217.4 | BI36: 9616.88 | BJ36: 9548.83 | BK36: 8888.82 | BL36: 8963.33 | BM36: 8306.17 | BN36: 8122.15 | BO36: 7513.1
A37: =Ret!A37 -> A033780 | B37: KT&G | C37: S102306 | D37: KRW bil | F37: 유동시가총액 | G37: 8684.85 | H37: 8901.76 | I37: 8263.71 | J37: 8547.92 | K37: 8652.59 | L37: 8527.67 | M37: 8408.36 | N37: 8590.12 | O37: 8735.88 | P37: 8567.55 | Q37: 8451.65 | R37: 8782.91 | S37: 8890.81 | T37: 9095.82 | U37: 9085.75 | V37: 8860.81 | W37: 8785.45 | X37: 8743.49 | Y37: 8732.73 | Z37: 8664.82 | AA37: 8184.47 | AB37: 8147.04 | AC37: 8378.01 | AD37: 8456.99 | AE37: 8656.1 | AF37: 8908.77 | AG37: 8616.44 | AH37: 8584.99 | AI37: 8721.26 | AJ37: 9077.66 | AK37: 10031.54 | AL37: 10282.53 | AM37: 9252.11 | AN37: 9477.68 | AO37: 9088.33 | AP37: 8596.51 | AQ37: 8791.19 | AR37: 8565.77 | AS37: 8444.02 | AT37: 8423.62 | AU37: 8697.49 | AV37: 8501.19 | AW37: 8403.77 | AX37: 8689.47 | AY37: 8561.4 | AZ37: 8905.31 | BA37: 9149.93 | BB37: 9199.79 | BC37: 8796.38 | BD37: 8215.86 | BE37: 8678.31 | BF37: 9153.36 | BG37: 10452.99 | BH37: 10324.77 | BI37: 10366.3 | BJ37: 11345.23 | BK37: 9975.76 | BL37: 10301.76 | BM37: 9158.55 | BN37: 9419.52 | BO37: 10686.63
A38: =Ret!A38 -> A009540 | B38: HD한국조선해양 | C38: S102306 | D38: KRW bil | F38: 유동시가총액 | G38: 3753.49 | H38: 4121.12 | I38: 3969.9 | J38: 4051.66 | K38: 3915.39 | L38: 3756.41 | M38: 3562.21 | N38: 4679.94 | O38: 4935.99 | P38: 4276.34 | Q38: 5095.21 | R38: 6109.21 | S38: 7024.45 | T38: 6521.07 | U38: 6165.29 | V38: 6004.25 | W38: 5452.14 | X38: 4696.59 | Y38: 4742.63 | Z38: 4029.56 | AA38: 4359.2 | AB38: 3672.61 | AC38: 3895.75 | AD38: 3931.7 | AE38: 4059.96 | AF38: 4042.27 | AG38: 4154.16 | AH38: 3747.15 | AI38: 4300.15 | AJ38: 3227.7 | AK38: 3218.84 | AL38: 3466.78 | AM38: 3131.79 | AN38: 3526.03 | AO38: 3601.34 | AP38: 3454.4 | AQ38: 3779.78 | AR38: 4287.91 | AS38: 5200.99 | AT38: 5504.57 | AU38: 5522.42 | AV38: 4955.45 | AW38: 4032.6 | AX38: 4988.28 | AY38: 5399.13 | AZ38: 5070.27 | BA38: 4998.8 | BB38: 5289.16 | BC38: 5874.37 | BD38: 5825.23 | BE38: 7093.91 | BF38: 9251.5 | BG38: 8554.28 | BH38: 8388.92 | BI38: 8196.74 | BJ38: 9139.76 | BK38: 10190.05 | BL38: 10368.83 | BM38: 9564.35 | BN38: 8984.76 | BO38: 12158.48
A39: =Ret!A39 -> A034020 | B39: 두산에너빌리티 | C39: S102306 | D39: KRW bil | F39: 유동시가총액 | G39: 496.75 | H39: 534.03 | I39: 605.24 | J39: 1342.54 | K39: 2086.28 | L39: 1772.95 | M39: 2653.93 | N39: 3264.34 | O39: 2636.02 | P39: 2303.12 | Q39: 2079.3 | R39: 2551.06 | S39: 2739.94 | T39: 3908.59 | U39: 4700.56 | V39: 6219.93 | W39: 6027.21 | X39: 5985.05 | Y39: 7158.47 | Z39: 5588.15 | AA39: 7344.86 | AB39: 6467.88 | AC39: 7600.77 | AD39: 7396.55 | AE39: 7998.6 | AF39: 8059.98 | AG39: 7559.22 | AH39: 7411.95 | AI39: 8626.37 | AJ39: 6052.4 | AK39: 5627.67 | AL39: 7114.23 | AM39: 6575.25 | AN39: 7130.3 | AO39: 6942.44 | AP39: 7258.39 | AQ39: 7164.02 | AR39: 6902.18 | AS39: 7857.06 | AT39: 7588.07 | AU39: 7904.78 | AV39: 7128.19 | AW39: 5830.03 | AX39: 6863.97 | AY39: 6907.41 | AZ39: 6713.51 | BA39: 7061.36 | BB39: 7487.48 | BC39: 7351.13 | BD39: 9101.4 | BE39: 8795.1 | BF39: 8277.99 | BG39: 7957.07 | BH39: 7873.54 | BI39: 8814.32 | BJ39: 9297.9 | BK39: 7715.28 | BL39: 10506.85 | BM39: 11164.65 | BN39: 10307.52 | BO39: 12725.06
A40: =Ret!A40 -> A011200 | B40: HMM | C40: S102306 | D40: KRW bil | F40: 유동시가총액 | G40: 940.49 | H40: 1230.97 | I40: 1220.55 | J40: 1591.87 | K40: 1559.38 | L40: 1951.93 | M40: 2428.41 | N40: 3614.18 | O40: 3776.62 | P40: 3711.39 | Q40: 5168.38 | R40: 8257.69 | S40: 11348.71 | T40: 13867.43 | U40: 12730.63 | V40: 11599.09 | W40: 12179.04 | X40: 9773.6 | Y40: 7728.97 | Z40: 6844.01 | AA40: 10426.78 | AB40: 8488.72 | AC40: 11182.63 | AD40: 11298.91 | AE40: 11008.2 | AF40: 12578.03 | AG40: 9535.27 | AH40: 9632.18 | AI40: 8624.38 | AJ40: 7170.84 | AK40: 7403.4 | AL40: 8643.76 | AM40: 7577.83 | AN40: 8431.64 | AO40: 8741.77 | AP40: 7888.91 | AQ40: 7908.3 | AR40: 6880.99 | AS40: 7307.42 | AT40: 5072.96 | AU40: 4832.22 | AV40: 4716.2 | AW40: 4226.02 | AX40: 4493.43 | AY40: 5679.88 | AZ40: 5595.75 | BA40: 8909.06 | BB40: 7665.59 | BC40: 7728.99 | BD40: 8777.4 | BE40: 9769.36 | BF40: 9421.43 | BG40: 8784.71 | BH40: 9592.26 | BI40: 8862.36 | BJ40: 10483.05 | BK40: 10307.94 | BL40: 11113.43 | BM40: 11434.46 | BN40: 11416.95 | BO40: 10658.16
A41: =Ret!A41 -> A017670 | B41: SK텔레콤 | C41: S102306 | D41: KRW bil | F41: 유동시가총액 | G41: 9218.55 | H41: 9432.13 | I41: 9259.8 | J41: 9763.95 | K41: 11037.74 | L41: 10481.21 | M41: 9310.24 | N41: 10236.74 | O41: 10212.17 | P41: 10444.01 | Q41: 10623.79 | R41: 11806.44 | S41: 13030.01 | T41: 13616.75 | U41: 13729.47 | V41: 12905.61 | W41: 12766.25 | X41: 13873.08 | Y41: 13997.12 | Z41: 8015.74 | AA41: 8515.8 | AB41: 7764.47 | AC41: 7511.89 | AD41: 7856.96 | AE41: 7874.51 | AF41: 7798.36 | AG41: 7095.01 | AH41: 7318.01 | AI41: 7107.51 | AJ41: 6983.53 | AK41: 6922.38 | AL41: 6910.75 | AM41: 6559.69 | AN41: 6455.1 | AO41: 6298.7 | AP41: 6714.89 | AQ41: 6620 | AR41: 6900.83 | AS41: 6476.51 | AT41: 6413.07 | AU41: 6631.77 | AV41: 7128.01 | AW41: 6700.77 | AX41: 7053.76 | AY41: 6660.35 | AZ41: 6708.8 | BA41: 7042.95 | BB41: 7016.22 | BC41: 6867.97 | BD41: 6822.33 | BE41: 6872.63 | BF41: 7189.38 | BG41: 7313.03 | BH41: 7405.77 | BI41: 7510.54 | BJ41: 8137.06 | BK41: 7314.22 | BL41: 7339.53 | BM41: 7406.99 | BN41: 7296.75 | BO41: 7109.83
A42: =Ret!A42 -> A003550 | B42: LG | C42: S102306 | D42: KRW bil | F42: 유동시가총액 | G42: 5749.4 | H42: 5851.4 | I42: 6602.53 | J42: 6862.18 | K42: 7687.5 | L42: 6888.08 | M42: 6302.45 | N42: 6562.73 | O42: 8135.21 | P42: 9244.48 | Q42: 8759.4 | R42: 8440.71 | S42: 11811.39 | T42: 8591.91 | U42: 8719.51 | V42: 8013.44 | W42: 8107.02 | X42: 7911.36 | Y42: 7758.24 | Z42: 6670.59 | AA42: 7415.24 | AB42: 6782.79 | AC42: 6892.78 | AD42: 7002.77 | AE42: 6718.63 | AF42: 7348.55 | AG42: 7072.86 | AH42: 7323.86 | AI42: 7385.78 | AJ42: 6637.28 | AK42: 7089.98 | AL42: 7528.63 | AM42: 6991.51 | AN42: 7396.63 | AO42: 7333.84 | AP42: 7367.97 | AQ42: 7766.31 | AR42: 7641.9 | AS42: 7783.63 | AT42: 7360.65 | AU42: 7221.74 | AV42: 7340.96 | AW42: 6745.79 | AX42: 7348.72 | AY42: 7506 | AZ42: 7165.22 | BA42: 8183.15 | BB42: 7594.89 | BC42: 6856.84 | BD42: 6987.68 | BE42: 6898.35 | BF42: 7420.43 | BG42: 6778.53 | BH42: 6769.97 | BI42: 6478.97 | BJ42: 6410.5 | BK42: 6162.3 | BL42: 6410.5 | BM42: 5691.57 | BN42: 5528.95 | BO42: 5700.13
A43: =Ret!A43 -> A267260 | B43: HD현대일렉트릭 | C43: S102306 | D43: KRW bil | F43: 유동시가총액 | G43: 153.45 | H43: 153.85 | I43: 147.43 | J43: 231.98 | K43: 219.27 | L43: 286.4 | M43: 280.84 | N43: 303.37 | O43: 312.2 | P43: 330.15 | Q43: 349.1 | R43: 422 | S43: 444.16 | T43: 441.13 | U43: 418.66 | V43: 478.62 | W43: 507.07 | X43: 568.2 | Y43: 451.46 | Z43: 445.56 | AA43: 406.73 | AB43: 358.54 | AC43: 419.16 | AD43: 441.43 | AE43: 449.66 | AF43: 464.06 | AG43: 522.51 | AH43: 565.79 | AI43: 658.55 | AJ43: 660.73 | AK43: 712.6 | AL43: 872.33 | AM43: 881.67 | AN43: 839.65 | AO43: 881.58 | AP43: 797.85 | AQ43: 1065.21 | AR43: 1029.42 | AS43: 1379.14 | AT43: 1574.04 | AU43: 1491.42 | AV43: 1410.91 | AW43: 1593.46 | AX43: 1786.8 | AY43: 1746.44 | AZ43: 2190.5 | BA43: 2653.34 | BB43: 3826.44 | BC43: 5288.76 | BD43: 6519.88 | BE43: 6761.76 | BF43: 6782.99 | BG43: 6684.53 | BH43: 7209.66 | BI43: 7165.9 | BJ43: 7647.27 | BK43: 8362.52 | BL43: 8997.65 | BM43: 7143.26 | BN43: 6409.14 | BO43: 6749.35
A44: =Ret!A44 -> A316140 | B44: 우리금융지주 | C44: S102306 | D44: KRW bil | F44: 유동시가총액 | G44: 4963.92 | H44: 5369.74 | I44: 5166.9 | J44: 4984.48 | K44: 4963.47 | L44: 5032.63 | M44: 5212.54 | N44: 5762.98 | O44: 5715.6 | P44: 5166.76 | Q44: 5624.03 | R44: 5937.32 | S44: 6443.05 | T44: 6714.02 | U44: 6895.5 | V44: 6534.94 | W44: 6835.94 | X44: 7077.3 | Y44: 8049.29 | Z44: 7655.34 | AA44: 8207.08 | AB44: 9472.55 | AC44: 9268.11 | AD44: 9962.05 | AE44: 9570.5 | AF44: 9661.32 | AG44: 7839.6 | AH44: 7706.56 | AI44: 7895.51 | AJ44: 6927.09 | AK44: 7598.29 | AL44: 8401.89 | AM44: 7467.28 | AN44: 8267.1 | AO44: 7892.85 | AP44: 7379.26 | AQ44: 7590.49 | AR44: 7728.71 | AS44: 7582.1 | AT44: 7453.05 | AU44: 7953.81 | AV44: 8187.55 | AW44: 7942.6 | AX44: 8687.01 | AY44: 8676.59 | AZ44: 9251.41 | BA44: 9959.28 | BB44: 9452.08 | BC44: 9379.34 | BD44: 9333.48 | BE44: 9668.35 | BF44: 10353.58 | BG44: 10523.48 | BH44: 10166.93 | BI44: 10104.97 | BJ44: 10943.24 | BK44: 10066.82 | BL44: 10543.75 | BM44: 10850.71 | BN44: 10782.43 | BO44: 11515.27
A45: =Ret!A45 -> A402340 | B45: SK스퀘어 | C45: S102306 | D45: KRW bil | F45: 유동시가총액 | Z45: 6671.33 | AA45: 6514.36 | AB45: 5395.93 | AC45: 5475.2 | AD45: 5573.32 | AE45: 5171.02 | AF45: 4641.17 | AG45: 3831.66 | AH45: 4227.37 | AI45: 4004.88 | AJ45: 3574.72 | AK45: 3653.83 | AL45: 3703.27 | AM45: 3317.62 | AN45: 3584.61 | AO45: 3793.9 | AP45: 3932.4 | AQ45: 4154.47 | AR45: 4460.43 | AS45: 4262.39 | AT45: 4276.84 | AU45: 4325.77 | AV45: 4022.95 | AW45: 4007.08 | AX45: 4765.99 | AY45: 4885.54 | AZ45: 4786.62 | BA45: 6436.04 | BB45: 7612.09 | BC45: 6945.78 | BD45: 7045.65 | BE45: 9079.45 | BF45: 7826.49 | BG45: 7127.37 | BH45: 7339.46 | BI45: 7703.95 | BJ45: 6665.47 | BK45: 7191.46 | BL45: 8519.08 | BM45: 8087.16 | BN45: 8383.36 | BO45: 7979.37
A46: =Ret!A46 -> A024110 | B46: 기업은행 | C46: S102306 | D46: KRW bil | F46: 유동시가총액 | G46: 2124.75 | H46: 2226.86 | I46: 2173.07 | J46: 2181.31 | K46: 2175.79 | L46: 2154.27 | M46: 2197.3 | N46: 2501.21 | O46: 2377.5 | P46: 2105.86 | Q46: 2240.33 | R46: 2463.56 | S46: 2606.1 | T46: 2700.11 | U46: 2625.11 | V46: 2575.11 | W46: 2575.11 | X46: 2625.11 | Y46: 2762.62 | Z46: 2575.11 | AA46: 2575.11 | AB46: 2587.61 | AC46: 2687.61 | AD46: 2713.42 | AE46: 2813.46 | AF46: 2813.46 | AG46: 2405.82 | AH46: 2348.3 | AI46: 2393.31 | AJ46: 2380.81 | AK46: 2613.39 | AL46: 2800.95 | AM46: 2455.71 | AN46: 2563.25 | AO46: 2595.76 | AP46: 2525.73 | AQ46: 2515.73 | AR46: 2553.24 | AS46: 2586.58 | AT46: 2599.08 | AU46: 2691.64 | AV46: 2804.21 | AW46: 2794.2 | AX46: 2959.3 | AY46: 2966.81 | AZ46: 3129.91 | BA46: 3499.9 | BB46: 3374.91 | BC46: 3487.4 | BD46: 3439.9 | BE46: 3504.9 | BF46: 3496.55 | BG46: 3449.1 | BH46: 3489.06 | BI46: 3521.53 | BJ46: 3716.34 | BK46: 3578.97 | BL46: 3878.68 | BM46: 3893.66 | BN46: 3551.5 | BO46: 3831.22
A47: =Ret!A47 -> A096770 | B47: SK이노베이션 | C47: S102306 | D47: KRW bil | F47: 유동시가총액 | G47: 5057.32 | H47: 6096.57 | I47: 6739.67 | J47: 6533.88 | K47: 7459.94 | L47: 7151.25 | M47: 6456.7 | N47: 8900.48 | O47: 9775.09 | P47: 14405.4 | Q47: 13402.16 | R47: 11267.08 | S47: 13916.64 | T47: 13633.68 | U47: 15202.84 | V47: 13016.3 | W47: 12836.24 | X47: 13633.68 | Y47: 12583.73 | Z47: 10092.93 | AA47: 12378.37 | AB47: 11210.6 | AC47: 10406.13 | AD47: 11158.7 | AE47: 10745.84 | AF47: 11296.24 | AG47: 10064.4 | AH47: 9828.51 | AI47: 9959.56 | AJ47: 7522.09 | AK47: 9164.42 | AL47: 9482.26 | AM47: 8157.92 | AN47: 8587.01 | AO47: 7951.33 | AP47: 9498.15 | AQ47: 9470.63 | AR47: 10346.02 | AS47: 8671.83 | AT47: 11817.76 | AU47: 10538.59 | AV47: 8834.61 | AW47: 7266.9 | AX47: 8509.77 | AY47: 8343.26 | AZ47: 6963.62 | BA47: 6964.8 | BB47: 6899.74 | BC47: 6608.29 | BD47: 5948.05 | BE47: 6905.69 | BF47: 6203.86 | BG47: 6549.18 | BH47: 6971.9 | BI47: 6650.33 | BJ47: 6492.45 | BK47: 6345.15 | BL47: 7223.28 | BM47: 7121.3 | BN47: 6367.81 | BO47: 5348.06
A48: =Ret!A48 -> A030200 | B48: KT | C48: S102306 | D48: KRW bil | F48: 유동시가총액 | G48: 2999.79 | H48: 3085.57 | I48: 3014.33 | J48: 3097.29 | K48: 3153.99 | L48: 3072.96 | M48: 2988.58 | N48: 3284.39 | O48: 3239.25 | P48: 3273.77 | Q48: 3499 | R48: 3747.22 | S48: 3741.97 | T48: 4503.41 | U48: 4240.52 | V48: 4505.46 | W48: 4397.85 | X48: 4378.7 | Y48: 4120.53 | Z48: 4112.5 | AA48: 4471.22 | AB48: 4588.22 | AC48: 4713.38 | AD48: 5266.76 | AE48: 5340.4 | AF48: 5667.52 | AG48: 5542.06 | AH48: 5765.34 | AI48: 5750.31 | AJ48: 6402.95 | AK48: 6523.4 | AL48: 6708.95 | AM48: 6103.77 | AN48: 6006.44 | AO48: 5273.8 | AP48: 5012.94 | AQ48: 5031.36 | AR48: 5255.89 | AS48: 4959.69 | AT48: 4913.62 | AU48: 5486.25 | AV48: 5473.34 | AW48: 5336.06 | AX48: 5477.09 | AY48: 5599.89 | AZ48: 5738.03 | BA48: 6341.8 | BB48: 6219.72 | BC48: 5713.35 | BD48: 6045.48 | BE48: 6654.48 | BF48: 7063.29 | BG48: 6837.84 | BH48: 7123.3 | BI48: 7854.19 | BJ48: 8514.36 | BK48: 7307.02 | BL48: 8016.71 | BM48: 7627.01 | BN48: 7838.92 | BO48: 8022.13
A49: =Ret!A49 -> A000100 | B49: 유한양행 | C49: S102306 | D49: KRW bil | F49: 유동시가총액 | G49: 2148.92 | H49: 2365.41 | I49: 2306.16 | J49: 2611.52 | K49: 3053.61 | L49: 2926 | M49: 2711.79 | N49: 2935.11 | O49: 3593.55 | P49: 3146.34 | Q49: 2969.15 | R49: 3017.04 | S49: 3079.29 | T49: 3145.42 | U49: 3020.5 | V49: 2948.7 | W49: 2979.97 | X49: 2932.29 | Y49: 2853.07 | Z49: 2752.64 | AA49: 3121.8 | AB49: 2845.89 | AC49: 2920.46 | AD49: 2926.99 | AE49: 3061.86 | AF49: 3026.78 | AG49: 2804.65 | AH49: 2893.95 | AI49: 2843.47 | AJ49: 2717.92 | AK49: 2992.77 | AL49: 2922.71 | AM49: 3005.42 | AN49: 2746.82 | AO49: 2767.02 | AP49: 2653.66 | AQ49: 3020.76 | AR49: 3109.92 | AS49: 3167.61 | AT49: 3828.4 | AU49: 3817.91 | AV49: 3975.24 | AW49: 3010.28 | AX49: 3214.81 | AY49: 3788.42 | AZ49: 3261.19 | BA49: 3712.9 | BB49: 4225.22 | BC49: 3988.34 | BD49: 3790.03 | BE49: 4456.59 | BF49: 5200.27 | BG49: 7767.35 | BH49: 7855.49 | BI49: 7640.65 | BJ49: 6356.18 | BK49: 6582.01 | BL49: 7138.31 | BM49: 6714.2 | BN49: 6014.69 | BO49: 6268.05
A50: =Ret!A50 -> A018260 | B50: 삼성에스디에스 | C50: S102306 | D50: KRW bil | F50: 유동시가총액 | G50: 5385.4 | H50: 6310.4 | I50: 5582.94 | J50: 5519.25 | K50: 5222.13 | L50: 5616.07 | M50: 5581.64 | N50: 5733.38 | O50: 5917.03 | P50: 6494.18 | Q50: 6462.46 | R50: 6429.24 | S50: 6080.36 | T50: 6033.33 | U50: 6149.68 | V50: 6065.16 | W50: 5732.82 | X50: 5335.26 | Y50: 5085.95 | Z50: 4770.16 | AA50: 5196.24 | AB50: 4675.87 | AC50: 4659.23 | AD50: 5027.26 | AE50: 5389.09 | AF50: 5387.94 | AG50: 4721.75 | AH50: 4939.67 | AI50: 4667.27 | AJ50: 4177.82 | AK50: 4540.14 | AL50: 4631.93 | AM50: 4468.45 | AN50: 4542.08 | AO50: 4553.95 | AP50: 4391.87 | AQ50: 4441.09 | AR50: 4705.16 | AS50: 4645.5 | AT50: 4848.63 | AU50: 5364.17 | AV50: 5107.29 | AW50: 5220.62 | AX50: 6361.45 | AY50: 6429.79 | AZ50: 5980.68 | BA50: 6292.98 | BB50: 6429.38 | BC50: 6296.91 | BD50: 6025.53 | BE50: 5842.97 | BF50: 5808.7 | BG50: 5930.7 | BH50: 6088.12 | BI50: 5631.61 | BJ50: 5773.28 | BK50: 5030.47 | BL50: 4752.87 | BM50: 4855.25 | BN50: 4575.67 | BO50: 5056.08
A51: =Ret!A51 -> A034730 | B51: SK | C51: S102306 | D51: KRW bil | F51: 유동시가총액 | G51: 5731.77 | H51: 7520.16 | I51: 9162.49 | J51: 6977.32 | K51: 6741.07 | L51: 6252.81 | M51: 5748.81 | N51: 6662.31 | O51: 7575.82 | P51: 9807.54 | Q51: 8457.22 | R51: 9085.47 | S51: 8892.16 | T51: 8537.76 | U51: 9101.58 | V51: 8634.42 | W51: 8493.15 | X51: 8638.19 | Y51: 7832.39 | Z51: 8435.43 | AA51: 9108.46 | AB51: 7929.08 | AC51: 8262.42 | AD51: 8850.05 | AE51: 9800.88 | AF51: 9069.47 | AG51: 7862.65 | AH51: 8073.23 | AI51: 8583.11 | AJ51: 7048.58 | AK51: 7800.69 | AL51: 7909.87 | AM51: 6785.69 | AN51: 7112.41 | AO51: 6422.89 | AP51: 6231.66 | AQ51: 5873.62 | AR51: 6065.19 | AS51: 5375.9 | AT51: 5526.36 | AU51: 5226.17 | AV51: 5294.08 | AW51: 5144.07 | AX51: 5885.83 | AY51: 6392.18 | AZ51: 6562.82 | BA51: 6852.65 | BB51: 6391.5 | BC51: 5956.38 | BD51: 6322.38 | BE51: 5680.06 | BF51: 5393.87 | BG51: 5152.78 | BH51: 5512.61 | BI51: 5335.92 | BJ51: 4918.26 | BK51: 4734.64 | BL51: 5333.39 | BM51: 5178.54 | BN51: 4669.05 | BO51: 4771.84
A52: =Ret!A52 -> A323410 | B52: 카카오뱅크 | C52: S102306 | D52: KRW bil | F52: 유동시가총액 | W52: 11942.33 | X52: 9882.29 | Y52: 9116.56 | Z52: 9482.05 | AA52: 8528.06 | AB52: 5969.14 | AC52: 16056.58 | AD52: 17260.82 | AE52: 14211.63 | AF52: 13642.87 | AG52: 10168.84 | AH52: 10388.11 | AI52: 9186.31 | AJ52: 6746.79 | AK52: 5754.21 | AL52: 8429.41 | AM52: 8178.58 | AN52: 9300.68 | AO52: 9146.24 | AP52: 8288.27 | AQ52: 7547.8 | AR52: 8978.75 | AS52: 8149.32 | AT52: 8921.36 | AU52: 9041.46 | AV52: 8012.07 | AW52: 6231.23 | AX52: 8990.74 | AY52: 9780.62 | AZ52: 9387.72 | BA52: 9783.17 | BB52: 9474.66 | BC52: 8632.09 | BD52: 7651.95 | BE52: 6981.4 | BF52: 7370.93 | BG52: 7612.08 | BH52: 7285.4 | BI52: 7457.63 | BJ52: 7698.83 | BK52: 7251.03 | BL52: 7302.81 | BM52: 8491.24 | BN52: 7595.61 | BO52: 7681.73
A53: =Ret!A53 -> A326030 | B53: SK바이오팜 | C53: S102306 | D53: KRW bil | F53: 유동시가총액 | J53: 3117.13 | K53: 2800.28 | L53: 2680.39 | M53: 2849.19 | N53: 3349.36 | O53: 3018.89 | P53: 2614.02 | Q53: 3141.93 | R53: 2746.56 | S53: 2906.56 | T53: 3026.55 | U53: 3279.88 | V53: 3173.21 | W53: 3346.54 | X53: 2842.11 | Y53: 2635.92 | Z53: 2655.43 | AA53: 2708.37 | AB53: 2113.86 | AC53: 2359.27 | AD53: 2504.28 | AE53: 2560.06 | AF53: 2417.83 | AG53: 2092.87 | AH53: 2179.49 | AI53: 2000.66 | AJ53: 1589.91 | AK53: 1623.44 | AL53: 2056.54 | AM53: 2014.63 | AN53: 2023.58 | AO53: 1864.26 | AP53: 1769.23 | AQ53: 1928.55 | AR53: 2054.32 | AS53: 2265.59 | AT53: 2279.59 | AU53: 2400.01 | AV53: 2414.02 | AW53: 2111.56 | AX53: 2411.21 | AY53: 2811.68 | AZ53: 2606.63 | BA53: 2715.94 | BB53: 2569.48 | BC53: 2454.59 | BD53: 2392.95 | BE53: 2171.59 | BF53: 2404.71 | BG53: 3226.86 | BH53: 2918.2 | BI53: 3308.23 | BJ53: 2901.37 | BK53: 3117.43 | BL53: 3061.31 | BM53: 3198.8 | BN53: 2786.32 | BO53: 2988.35
A54: =Ret!A54 -> A047050 | B54: 포스코인터내셔널 | C54: S102306 | D54: KRW bil | F54: 유동시가총액 | G54: 644.71 | H54: 726.43 | I54: 633.53 | J54: 628.99 | K54: 612.77 | L54: 603.76 | M54: 599.42 | N54: 599.42 | O54: 655.75 | P54: 743.64 | Q54: 1007.29 | R54: 908.88 | S54: 947.23 | T54: 933.69 | U54: 1051.26 | V54: 1169.18 | W54: 1028.97 | X54: 1080.98 | Y54: 981.48 | Z54: 845.79 | AA54: 1015.68 | AB54: 920.67 | AC54: 934.24 | AD54: 973.76 | AE54: 1123.56 | AF54: 1075.8 | AG54: 875.65 | AH54: 934.79 | AI54: 1221.36 | AJ54: 950.71 | AK54: 939.34 | AL54: 1091.72 | AM54: 1027.76 | AN54: 1066.41 | AO54: 1027.76 | AP54: 1014.51 | AQ54: 1219.23 | AR54: 1369.36 | AS54: 1812.92 | AT54: 4098.98 | AU54: 3603.1 | AV54: 3248.25 | AW54: 2280.99 | AX54: 2604.25 | AY54: 2841 | AZ54: 2394.82 | BA54: 2569.96 | BB54: 2423.36 | BC54: 2114.5 | BD54: 1966.07 | BE54: 2986.79 | BF54: 2420.49 | BG54: 2575.76 | BH54: 2611.75 | BI54: 2394.04 | BJ54: 2162.25 | BK54: 1816.38 | BL54: 1926.32 | BM54: 2379.38 | BN54: 2257.89 | BO54: 2262.47
A55: =Ret!A55 -> A086280 | B55: 현대글로비스 | C55: S102306 | D55: KRW bil | F55: 유동시가총액 | G55: 1850.22 | H55: 2059.85 | I55: 1850.22 | J55: 2032.51 | K55: 2652.28 | L55: 2624.94 | M55: 3053.32 | N55: 3244.72 | O55: 3425.85 | P55: 3537.56 | Q55: 3593.42 | R55: 3491.72 | S55: 3575.52 | T55: 3519.65 | U55: 3892.1 | V55: 3622.08 | W55: 3612.77 | X55: 3100.65 | Y55: 3119.27 | Z55: 2709.57 | AA55: 3128.58 | AB55: 3026.16 | AC55: 3277.56 | AD55: 3584.83 | AE55: 3892.1 | AF55: 3947.97 | AG55: 3342.74 | AH55: 3389.3 | AI55: 3286.87 | AJ55: 3026.16 | AK55: 3240.32 | AL55: 3286.87 | AM55: 3044.78 | AN55: 3089.47 | AO55: 2953.53 | AP55: 2951.67 | AQ55: 3048.5 | AR55: 3147.2 | AS55: 3681.67 | AT55: 3245.9 | AU55: 3212.38 | AV55: 3433.99 | AW55: 3186.31 | AX55: 3234.73 | AY55: 3566.21 | AZ55: 3257.08 | BA55: 3546.87 | BB55: 3241.52 | BC55: 3388.61 | BD55: 3342.07 | BE55: 4077.51 | BF55: 4524.36 | BG55: 4170.6 | BH55: 4546.7 | BI55: 4546.7 | BJ55: 4580.21 | BK55: 4397.75 | BL55: 5563.28 | BM55: 4844.6 | BN55: 4185.5 | BO55: 4245.08
A56: =Ret!A56 -> A042700 | B56: 한미반도체 | C56: S102306 | D56: KRW bil | F56: 유동시가총액 | G56: 175.58 | H56: 207.78 | I56: 166.77 | J56: 259.5 | K56: 222.27 | L56: 230.51 | M56: 233.02 | N56: 262.07 | O56: 388.81 | P56: 406 | Q56: 484.71 | R56: 529.55 | S56: 751.42 | T56: 711.06 | U56: 738.33 | V56: 801.22 | W56: 755.99 | X56: 680.35 | Y56: 703.32 | Z56: 713.16 | AA56: 828.01 | AB56: 807.41 | AC56: 730.99 | AD56: 765.84 | AE56: 669.56 | AF56: 630.17 | AG56: 541.27 | AH56: 578.5 | AI56: 516.37 | AJ56: 455.86 | AK56: 498.07 | AL56: 565.6 | AM56: 486.38 | AN56: 601 | AO56: 675.01 | AP56: 901.07 | AQ56: 875.14 | AR56: 1141.25 | AS56: 1326.81 | AT56: 2141.9 | AU56: 2640.94 | AV56: 2313.53 | AW56: 2275.62 | AX56: 2752.42 | AY56: 2670.19 | AZ56: 2534.08 | BA56: 3638.53 | BB56: 5736.69 | BC56: 5783.27 | BD56: 7013.83 | BE56: 7445.2 | BF56: 5650.15 | BG56: 4906.53 | BH56: 4626.14 | BI56: 3895.07 | BJ56: 3147.48 | BK56: 3460.07 | BL56: 4739.98 | BM56: 3915.09 | BN56: 2853.74 | BO56: 3181.36
A57: =Ret!A57 -> A009150 | B57: 삼성전기 | C57: S102306 | D57: KRW bil | F57: 유동시가총액 | G57: 6228.59 | H57: 6855.95 | I57: 7072.45 | J57: 7697.69 | K57: 6824.8 | L57: 7615.51 | M57: 7316.17 | N57: 8551.56 | O57: 9757.55 | P57: 11185.86 | Q57: 10392.2 | R57: 10285.32 | S57: 9819.05 | T57: 9356.61 | U57: 9711.99 | V57: 10536.47 | W57: 10126.27 | X57: 9742.07 | Y57: 8727.89 | Z57: 9138.34 | AA57: 10836.82 | AB57: 9765.53 | AC57: 9108.42 | AD57: 9054.78 | AE57: 9109.66 | AF57: 8479.72 | AG57: 7163.46 | AH57: 7818.97 | AI57: 7683.89 | AJ57: 6148.79 | AK57: 6641.98 | AL57: 7736.67 | AM57: 7162.48 | AN57: 7832.08 | AO57: 7902.35 | AP57: 8378.65 | AQ57: 7899.02 | AR57: 8096.63 | AS57: 7933.03 | AT57: 7980.27 | AU57: 7431.42 | AV57: 7541.19 | AW57: 6821.27 | AX57: 7993.47 | AY57: 8406.08 | AZ57: 7660.89 | BA57: 7683.89 | BB57: 8162.5 | BC57: 8557.72 | BD57: 8509.48 | BE57: 8671.82 | BF57: 8759.63 | BG57: 7838.63 | BH57: 7275.22 | BI57: 6501.91 | BJ57: 5931.61 | BK57: 6794.75 | BL57: 7360.07 | BM57: 7408.46 | BN57: 7085.64 | BO57: 6461.71
A58: =Ret!A58 -> A003490 | B58: 대한항공 | C58: S102306 | D58: KRW bil | F58: 유동시가총액 | G58: 1224.03 | H58: 1279.67 | I58: 1862.15 | J58: 1880.28 | K58: 1907.3 | L58: 2036.97 | M58: 2169.74 | N58: 2773.36 | O58: 2958.25 | P58: 6067.92 | Q58: 5952.61 | R58: 5799.43 | S58: 5735.46 | T58: 6812.19 | U58: 6725.01 | V58: 6383.42 | W58: 6682.31 | X58: 7321.29 | Y58: 6615.23 | Z58: 5757.1 | AA58: 6396.67 | AB58: 6167.83 | AC58: 6385.77 | AD58: 6819.32 | AE58: 6806.98 | AF58: 6558.63 | AG58: 5820.89 | AH58: 6050.73 | AI58: 6421.43 | AJ58: 5309.02 | AK58: 5549.25 | AL58: 6113.78 | AM58: 5535.19 | AN58: 5848.72 | AO58: 5486.95 | AP58: 5614.28 | AQ58: 5529.58 | AR58: 5348.08 | AS58: 5916.78 | AT58: 5977.52 | AU58: 5540.14 | AV58: 5285.01 | AW58: 5000.14 | AX58: 5475.77 | AY58: 5829.43 | AZ58: 5498.73 | BA58: 5620.93 | BB58: 5303.22 | BC58: 5119.93 | BD58: 5094.72 | BE58: 5681.17 | BF58: 5216.72 | BG58: 5413.11 | BH58: 5535.86 | BI58: 5867.28 | BJ58: 6370.54 | BK58: 5548.14 | BL58: 6088.22 | BM58: 5794.5 | BN58: 5229.78 | BO58: 5143.84
A59: =Ret!A59 -> A010140 | B59: 삼성중공업 | C59: S102306 | D59: KRW bil | F59: 유동시가총액 | G59: 1942.33 | H59: 2182.57 | I59: 2706.79 | J59: 2602.52 | K59: 2347.73 | L59: 2425.41 | M59: 2299.59 | N59: 3109.28 | O59: 3203.99 | P59: 2840.72 | Q59: 3001.24 | R59: 3564.61 | S59: 3440.75 | T59: 2775.92 | U59: 3078.32 | V59: 3000.33 | W59: 2889.43 | X59: 4126.74 | Y59: 4245.99 | Z59: 3122.23 | AA59: 3494.72 | AB59: 3196.81 | AC59: 3593.31 | AD59: 3509.38 | AE59: 3746.29 | AF59: 3668.54 | AG59: 3757.28 | AH59: 3480.22 | AI59: 3698.53 | AJ59: 3290.59 | AK59: 3193.25 | AL59: 3355.16 | AM59: 3293.01 | AN59: 3750.07 | AO59: 3561.76 | AP59: 3401.74 | AQ59: 3736.8 | AR59: 4026.27 | AS59: 4418.63 | AT59: 5982.05 | AU59: 5835.53 | AV59: 5192.34 | AW59: 4529.41 | AX59: 5297.7 | AY59: 5145.69 | AZ59: 4856.76 | BA59: 5249.46 | BB59: 5688.02 | BC59: 6287.73 | BD59: 6094.77 | BE59: 6222.84 | BF59: 7801.76 | BG59: 6988.94 | BH59: 6682.47 | BI59: 6390.16 | BJ59: 7742.82 | BK59: 7528.6 | BL59: 8667.89 | BM59: 9292.93 | BN59: 8979.84 | BO59: 9703.39
A60: =Ret!A60 -> A042660 | B60: 한화오션 | C60: S102306 | D60: KRW bil | F60: 유동시가총액 | G60: 586.69 | H60: 745.76 | I60: 925.36 | J60: 809.05 | K60: 757.74 | L60: 814.69 | M60: 730.83 | N60: 928.42 | O60: 940.43 | P60: 839.18 | Q60: 873.78 | R60: 972.23 | S60: 1260.81 | T60: 1157.38 | U60: 1231.04 | V60: 1117.22 | W60: 964.24 | X60: 925.29 | Y60: 887.45 | Z60: 794.33 | AA60: 792.61 | AB60: 679.35 | AC60: 911.53 | AD60: 852.52 | AE60: 904.65 | AF60: 758.23 | AG60: 825.54 | AH60: 682.79 | AI60: 693.11 | AJ60: 652.03 | AK60: 629.67 | AL60: 657.4 | AM60: 652.03 | AN60: 793.11 | AO60: 886.01 | AP60: 843.26 | AQ60: 927.59 | AR60: 975.77 | AS60: 1787.3 | AT60: 2216.35 | AU60: 1818.12 | AV60: 2610.34 | AW60: 1990.44 | AX60: 2302.5 | AY60: 2116.95 | AZ60: 1851.95 | BA60: 1991.16 | BB60: 2328.65 | BC60: 2704.1 | BD60: 2505.83 | BE60: 2594.39 | BF60: 2737.14 | BG60: 3109.28 | BH60: 2749.3 | BI60: 2407.33 | BJ60: 3149.78 | BK60: 3361.26 | BL60: 5147.63 | BM60: 6686.53 | BN60: 6038.57 | BO60: 8084.37
A61: =Ret!A61 -> A450080 | B61: 에코프로머티 | C61: S102306 | D61: KRW bil | F61: 유동시가총액 | AX61: 1497.4 | AY61: 2202.83 | AZ61: 1761.36 | BA61: 2276.57 | BB61: 1540.27 | BC61: 1403.53 | BD61: 2677.37 | BE61: 3072.71 | BF61: 2741.97 | BG61: 3073.72 | BH61: 4566.57 | BI61: 3811.4 | BJ61: 2880.9 | BK61: 2274.21 | BL61: 2453.93 | BM61: 3000.62 | BN61: 1965.86 | BO61: 1887.64
A62: =Ret!A62 -> A005830 | B62: DB손해보험 | C62: S102306 | D62: KRW bil | F62: 유동시가총액 | G62: 1979.89 | H62: 1901.71 | I62: 1868.81 | J62: 2054.16 | K62: 1903.7 | L62: 1971.3 | M62: 1929.87 | N62: 1918.96 | O62: 1908.06 | P62: 1604.95 | Q62: 1805.57 | R62: 2062.89 | S62: 2134.85 | T62: 2211.17 | U62: 2389.98 | V62: 2490.29 | W62: 2560.07 | X62: 2773.77 | Y62: 2581.88 | Z62: 2346.37 | AA62: 2354.71 | AB62: 2625.06 | AC62: 2694.83 | AD62: 3048.04 | AE62: 2934.66 | AF62: 2834.37 | AG62: 2673.03 | AH62: 2642.51 | AI62: 2603.26 | AJ62: 2407.04 | AK62: 2455 | AL62: 2707.92 | AM62: 2847.45 | AN62: 2860.54 | AO62: 3357.64 | AP62: 3271.37 | AQ62: 3668.83 | AR62: 3232.06 | AS62: 3258.27 | AT62: 3297.58 | AU62: 3568.37 | AV62: 3904.68 | AW62: 3839.17 | AX62: 3655.72 | AY62: 3655.72 | AZ62: 3839.17 | BA62: 4315.24 | BB62: 4126.78 | BC62: 4240.08 | BD62: 4510.26 | BE62: 4989.61 | BF62: 4815.3 | BG62: 5054.98 | BH62: 4893.74 | BI62: 4763.01 | BJ62: 4758.65 | BK62: 4479.76 | BL62: 4231.37 | BM62: 3982.97 | BN62: 3860.96 | BO62: 3974.26
A63: =Ret!A63 -> A352820 | B63: 하이브 | C63: S102306 | D63: KRW bil | F63: 유동시가총액 | M63: 1771.07 | N63: 2558.43 | O63: 2280.49 | P63: 2947.53 | Q63: 2976.36 | R63: 3514.57 | S63: 3760.12 | T63: 4100.54 | U63: 4485.44 | V63: 4438.43 | W63: 4438.43 | X63: 4603.22 | Y63: 5175.25 | Z63: 5653.75 | AA63: 5415.01 | AB63: 3889.92 | AC63: 4735.2 | AD63: 5079.87 | AE63: 4127.91 | AF63: 3791.44 | AG63: 2516.88 | AH63: 3035.82 | AI63: 3139.61 | AJ63: 2336.92 | AK63: 2094.57 | AL63: 2475.41 | AM63: 3003.38 | AN63: 3320.81 | AO63: 3206.48 | AP63: 3273.86 | AQ63: 4679.78 | AR63: 4776.5 | AS63: 4931.2 | AT63: 4599.8 | AU63: 4423.52 | AV63: 4276.55 | AW63: 3945.05 | AX63: 4411.72 | AY63: 4780.21 | AZ63: 4125.11 | BA63: 4075.98 | BB63: 4708.56 | BC63: 4136.19 | BD63: 4373.47 | BE63: 4428.14 | BF63: 3848.65 | BG63: 4027.73 | BH63: 3665.9 | BI63: 4030.12 | BJ63: 4241.68 | BK63: 4202.56 | BL63: 4889.23 | BM63: 5595.45 | BN63: 5118.37 | BO63: 5803
A64: =Ret!A64 -> A090430 | B64: 아모레퍼시픽 | C64: S102306 | D64: KRW bil | F64: 유동시가총액 | G64: 5157.02 | H64: 4749.12 | I64: 4880.23 | J64: 4836.53 | K64: 4894.8 | L64: 4778.26 | M64: 4603.44 | N64: 5215.29 | O64: 6001.96 | P64: 6497.26 | Q64: 6832.32 | R64: 7531.58 | S64: 7881.21 | T64: 8361.95 | U64: 7342.2 | V64: 6453.56 | W64: 6628.37 | X64: 5200.64 | Y64: 5288.05 | Z64: 4574.23 | AA64: 4848 | AB64: 4499.64 | AC64: 5341.51 | AD64: 4644.79 | AE64: 5254.42 | AF64: 4753.09 | AG64: 3779.22 | AH64: 3750.15 | AI64: 3575.72 | AJ64: 2965.23 | AK64: 2694.87 | AL64: 3795.28 | AM64: 4002.88 | AN64: 4235.77 | AO64: 4030.7 | AP64: 3984.1 | AQ64: 3590.93 | AR64: 3044.02 | AS64: 2843.03 | AT64: 3282.88 | AU64: 3901.99 | AV64: 3555.21 | AW64: 3683.43 | AX64: 3767.94 | AY64: 4225.46 | AZ64: 3428.99 | BA64: 3476.18 | BB64: 3528.5 | BC64: 4926.53 | BD64: 5646.7 | BE64: 4864.54 | BF64: 5283.25 | BG64: 3618.6 | BH64: 4296.36 | BI64: 3391.71 | BJ64: 3031.02 | BK64: 3048.47 | BL64: 3772.77 | BM64: 3409.85 | BN64: 2950.16 | BO64: 3619.33
A65: =Ret!A65 -> A064350 | B65: 현대로템 | C65: S102306 | D65: KRW bil | F65: 유동시가총액 | G65: 864.91 | H65: 756.8 | I65: 738.49 | J65: 868.39 | K65: 1080.1 | L65: 1152.42 | M65: 1076.56 | N65: 1141.58 | O65: 1242.74 | P65: 1390.85 | Q65: 1416.14 | R65: 1470.33 | S65: 1455.88 | T65: 1531.75 | U65: 1752.38 | V65: 1795.74 | W65: 1922.2 | X65: 1748.77 | Y65: 1625.92 | Z65: 1365.77 | AA65: 1503.07 | AB65: 1344.09 | AC65: 1430.81 | AD65: 1470.55 | AE65: 1376.61 | AF65: 1398.29 | AG65: 1503.07 | AH65: 1918.59 | AI65: 2189.57 | AJ65: 1828.26 | AK65: 1759.61 | AL65: 2301.58 | AM65: 2052.27 | AN65: 1994.76 | AO65: 1803.24 | AP65: 1864.67 | AQ65: 2377.82 | AR65: 2236.88 | AS65: 2641.62 | AT65: 2265.79 | AU65: 2222.43 | AV65: 2005.6 | AW65: 1680.37 | AX65: 1918.88 | AY65: 1922.49 | AZ65: 2048.97 | BA65: 2417.57 | BB65: 2659.68 | BC65: 2695.82 | BD65: 2598.25 | BE65: 2948.78 | BF65: 3534.2 | BG65: 3902.8 | BH65: 3873.89 | BI65: 4509.9 | BJ65: 3657.07 | BK65: 3592.02 | BL65: 4278.62 | BM65: 5651.83 | BN65: 7588.77 | BO65: 8109.15
A66: =Ret!A66 -> A010950 | B66: S-Oil | C66: S102306 | D66: KRW bil | F66: 유동시가총액 | G66: 2879.64 | H66: 2908.44 | I66: 2612.96 | J66: 2510.09 | K66: 2324.92 | L66: 2123.29 | M66: 2234.39 | N66: 2863.97 | O66: 2847.51 | P66: 2806.36 | Q66: 3497.67 | R66: 3342.21 | S66: 3585.06 | T66: 3852.6 | U66: 4218.93 | V66: 4046.05 | W66: 3914.34 | X66: 4527.63 | Y66: 4218.93 | Z66: 3288.71 | AA66: 3527.44 | AB66: 3704.42 | AC66: 3478.04 | AD66: 3980.2 | AE66: 4260.09 | AF66: 4774.59 | AG66: 4280.67 | AH66: 3778.51 | AI66: 4177.77 | AJ66: 3333.98 | AK66: 3556.25 | AL66: 3589.18 | AM66: 3432.77 | AN66: 3630.34 | AO66: 3321.63 | AP66: 3296.94 | AQ66: 3070.56 | AR66: 2971.77 | AS66: 2745.39 | AT66: 3082.9 | AU66: 3004.7 | AV66: 3259.89 | AW66: 2733.04 | AX66: 2807.13 | AY66: 2864.75 | AZ66: 2811.25 | BA66: 3144.64 | BB66: 3231.96 | BC66: 2993.17 | BD66: 2807.9 | BE66: 2737.91 | BF66: 2795.55 | BG66: 2569.1 | BH66: 2519.7 | BI66: 2359.13 | BJ66: 2359.13 | BK66: 2256.2 | BL66: 2511.46 | BM66: 2342.66 | BN66: 2309.72 | BO66: 2140.92
A67: =Ret!A67 -> A267250 | B67: HD현대 | C67: S102306 | D67: KRW bil | F67: 유동시가총액 | G67: 2118.92 | H67: 2355.57 | I67: 2142.22 | J67: 2059.49 | K67: 1968.05 | L67: 1898.39 | M67: 1867.91 | N67: 2433.94 | O67: 2468.77 | P67: 2046.43 | Q67: 2355.57 | R67: 2538.44 | S67: 3064.17 | T67: 3068.53 | U67: 3081.58 | V67: 2981.48 | W67: 2842.19 | X67: 2815.57 | Y67: 2750.29 | Z67: 2302.06 | AA67: 2336.88 | AB67: 2082.3 | AC67: 2236.79 | AD67: 2333.58 | AE67: 2516.79 | AF67: 2683.3 | AG67: 2536.13 | AH67: 2388.04 | AI67: 2652.44 | AJ67: 2270.52 | AK67: 2555.91 | AL67: 2707 | AM67: 2396.43 | AN67: 2564.31 | AO67: 2492.96 | AP67: 2438.4 | AQ67: 2484.57 | AR67: 2396.43 | AS67: 2513.94 | AT67: 2585.29 | AU67: 2480.37 | AV67: 2782.55 | AW67: 2409.02 | AX67: 2530.73 | AY67: 2656.64 | AZ67: 2996.59 | BA67: 2967.21 | BB67: 3018.14 | BC67: 2826.05 | BD67: 2858.31 | BE67: 3086.67 | BF67: 3464.2 | BG67: 3340.34 | BH67: 3158.66 | BI67: 3294.92 | BJ67: 3212.34 | BK67: 3270.14 | BL67: 3431.17 | BM67: 3010.02 | BN67: 2993.5 | BO67: 3249.5
A68: =Ret!A68 -> A011790 | B68: SKC | C68: S102306 | D68: KRW bil | F68: 유동시가총액 | G68: 981.81 | H68: 1131.41 | I68: 1208.68 | J68: 1385.03 | K68: 1833.53 | L68: 1645.54 | M68: 1450.97 | N68: 1778.03 | O68: 1894.43 | P68: 2449.11 | Q68: 2378.27 | R68: 2600.92 | S68: 2732.48 | T68: 2580.68 | U68: 3208.14 | V68: 3268.86 | W68: 3228.38 | X68: 3420.66 | Y68: 3621.03 | Z68: 4027.88 | AA68: 3553.79 | AB68: 2851.18 | AC68: 2800.27 | AD68: 3148.82 | AE68: 3087.68 | AF68: 3281.3 | AG68: 2710.64 | AH68: 2771.78 | AI68: 2476.26 | AJ68: 1709.94 | AK68: 2056.1 | AL68: 2147.34 | AM68: 1636.13 | AN68: 1759.99 | AO68: 1811.76 | AP68: 2113.53 | AQ68: 1839.9 | AR68: 1756.6 | AS68: 1806.58 | AT68: 1836.19 | AU68: 1693.67 | AV68: 1404.62 | AW68: 1456.44 | AX68: 1795.11 | AY68: 1676.67 | AZ68: 1421.28 | BA68: 1532.32 | BB68: 2057.89 | BC68: 2044.34 | BD68: 2577.65 | BE68: 3122.71 | BF68: 2524.46 | BG68: 2385.55 | BH68: 2660.94 | BI68: 2818.89 | BJ68: 1837.76 | BK68: 1952.97 | BL68: 2915.51 | BM68: 2415.66 | BN68: 1912.47 | BO68: 1897.61
A69: =Ret!A69 -> A047810 | B69: 한국항공우주 | C69: S102306 | D69: KRW bil | F69: 유동시가총액 | G69: 1799.42 | H69: 1778.37 | I69: 1667.52 | J69: 1681.56 | K69: 1576.24 | L69: 1600.82 | M69: 1530.61 | N69: 1632.41 | O69: 1811.45 | P69: 2173.4 | Q69: 2316.9 | R69: 2575.25 | S69: 2284.44 | T69: 2393.06 | U69: 2306.75 | V69: 2271.69 | W69: 2303.24 | X69: 2315.04 | Y69: 2143.17 | Z69: 1915.17 | AA69: 2276.46 | AB69: 2490.85 | AC69: 2595.8 | AD69: 2962.52 | AE69: 3071.07 | AF69: 3676.88 | AG69: 3776.84 | AH69: 4001.49 | AI69: 4282.3 | AJ69: 3403.63 | AK69: 3326.35 | AL69: 3407.14 | AM69: 3575.74 | AN69: 3376.7 | AO69: 3166.09 | AP69: 3330.79 | AQ69: 3850.79 | AR69: 3618.89 | AS69: 3747.46 | AT69: 3459.19 | AU69: 3557.63 | AV69: 3431.07 | AW69: 3107.65 | AX69: 3258.81 | AY69: 3515.44 | AZ69: 3549.61 | BA69: 3605.84 | BB69: 3619.9 | BC69: 3644.52 | BD69: 3644.52 | BE69: 3728.95 | BF69: 4010.38 | BG69: 3820.41 | BH69: 3665.63 | BI69: 4115.92 | BJ69: 4108.88 | BK69: 3862.63 | BL69: 3750.06 | BM69: 4439.56 | BN69: 5276.81 | BO69: 5825.6
A70: =Ret!A70 -> A180640 | B70: 한진칼 | C70: S102306 | D70: KRW bil | F70: 유동시가총액 | G70: 3992.66 | H70: 3960.53 | I70: 3680.59 | J70: 3854.98 | K70: 3483.25 | L70: 3148.23 | M70: 3428.18 | N70: 3441.95 | O70: 2897.55 | P70: 2801.12 | Q70: 2782.75 | R70: 2418.63 | S70: 2347.4 | T70: 2823.21 | U70: 2838.89 | V70: 2804.96 | W70: 2843.8 | X70: 2726.76 | Y70: 2477.45 | Z70: 2405.11 | AA70: 2775.83 | AB70: 2404.33 | AC70: 2410.05 | AD70: 2854.75 | AE70: 2651.82 | AF70: 2601.09 | AG70: 2850.13 | AH70: 2767.13 | AI70: 2435.07 | AJ70: 1725.04 | AK70: 1835.01 | AL70: 1872.03 | AM70: 1723.41 | AN70: 1892.13 | AO70: 2064.64 | AP70: 2115.8 | AQ70: 1821.1 | AR70: 2339.12 | AS70: 2157.25 | AT70: 1952.35 | AU70: 2046.74 | AV70: 1979.73 | AW70: 1993.76 | AX70: 2519.66 | AY70: 3448.38 | AZ70: 3460.29 | BA70: 3455.67 | BB70: 3245.41 | BC70: 3256.19 | BD70: 2894.85 | BE70: 2935.75 | BF70: 3131.17 | BG70: 3141.34 | BH70: 3779.51 | BI70: 3886.45 | BJ70: 3688.91 | BK70: 3463.81 | BL70: 3863.48 | BM70: 3817.54 | BN70: 3725.66 | BO70: 3652.16
A71: =Ret!A71 -> A079550 | B71: LIG넥스원 | C71: S102306 | D71: KRW bil | F71: 유동시가총액 | G71: 274.12 | H71: 376.53 | I71: 315.22 | J71: 353.57 | K71: 327.82 | L71: 337.81 | M71: 294.85 | N71: 318.5 | O71: 320.87 | P71: 390.83 | Q71: 389.25 | R71: 423.63 | S71: 417.83 | T71: 472.44 | U71: 454.06 | V71: 457.81 | W71: 557.28 | X71: 557.47 | Y71: 499.58 | Z71: 575.7 | AA71: 737.24 | AB71: 623.33 | AC71: 731.42 | AD71: 779.67 | AE71: 890.28 | AF71: 858.83 | AG71: 793.91 | AH71: 973.03 | AI71: 1224.3 | AJ71: 1065.21 | AK71: 1197.33 | AL71: 1134.51 | AM71: 1130.83 | AN71: 991.9 | AO71: 917.02 | AP71: 889.1 | AQ71: 961.56 | AR71: 972.61 | AS71: 996.3 | AT71: 942.24 | AU71: 1041.75 | AV71: 1079.83 | AW71: 1070.77 | AX71: 1198.63 | AY71: 1604.31 | AZ71: 1297.61 | BA71: 1768 | BB71: 2203.78 | BC71: 1989.55 | BD71: 1982.12 | BE71: 2722.5 | BF71: 2476.76 | BG71: 2414.84 | BH71: 2613.91 | BI71: 3072.27 | BJ71: 2441.71 | BK71: 2938.25 | BL71: 3018.2 | BM71: 3604.52 | BN71: 3304.7 | BO71: 4270.79
A72: =Ret!A72 -> A006800 | B72: 미래에셋증권 | C72: S102306 | D72: KRW bil | F72: 유동시가총액 | G72: 2197.06 | H72: 2359.91 | I72: 2466.77 | J72: 2854.32 | K72: 3283.39 | L72: 2949.01 | M72: 2910.22 | N72: 3261.29 | O72: 3231.69 | P72: 3247.94 | Q72: 3131.16 | R72: 3275.56 | S72: 3322.07 | T72: 3288.85 | U72: 3133.91 | V72: 2968.31 | W72: 2931.75 | X72: 2864.81 | Y72: 2827.31 | Z72: 2732.59 | AA72: 2743.9 | AB72: 2696.31 | AC72: 2756.78 | AD72: 2648.83 | AE72: 2473.18 | AF72: 2506.98 | AG72: 2033.85 | AH72: 2010.84 | AI72: 1993.21 | AJ72: 1798.58 | AK72: 1900.88 | AL72: 1990.69 | AM72: 1812.2 | AN72: 2010.09 | AO72: 2088.89 | AP72: 1887.52 | AQ72: 2027.77 | AR72: 2132.96 | AS72: 2112.51 | AT72: 2006.39 | AU72: 1907.66 | AV72: 1837.36 | AW72: 1855.32 | AX72: 1992.98 | AY72: 2100.98 | AZ72: 2161.83 | BA72: 2434.05 | BB72: 2152.5 | BC72: 2013.87 | BD72: 1913.05 | BE72: 1941.8 | BF72: 2056.79 | BG72: 2196.78 | BH72: 2186.98 | BI72: 2318.15 | BJ72: 2186.14 | BK72: 2050.18 | BL72: 2152.31 | BM72: 2231.45 | BN72: 2341.38 | BO72: 3025.67
A73: =Ret!A73 -> A034220 | B73: LG디스플레이 | C73: S102306 | D73: KRW bil | F73: 유동시가총액 | G73: 2340.29 | H73: 2163.92 | I73: 2401.8 | J73: 2661.35 | K73: 3083.27 | L73: 3231.77 | M73: 2956.56 | N73: 3209.08 | O73: 3902.84 | P73: 4583.11 | Q73: 4812.36 | R73: 4855.69 | S73: 5215.21 | T73: 5152.55 | U73: 5258.14 | V73: 4739.42 | W73: 4385.73 | X73: 4049.38 | Y73: 4205.42 | Z73: 4255.23 | AA73: 5269.92 | AB73: 4211.76 | AC73: 3997.3 | AD73: 4414.86 | AE73: 3584.06 | AF73: 3719.89 | AG73: 3119.57 | AH73: 3267.23 | AI73: 3331.29 | AJ73: 2562.53 | AK73: 2726.34 | AL73: 3089.85 | AM73: 2662.19 | AN73: 2903.9 | AO73: 3261.26 | AP73: 3503.24 | AQ73: 3163.69 | AR73: 3350.73 | AS73: 3354.75 | AT73: 2870.58 | AU73: 2852.39 | AV73: 2790.65 | AW73: 2594.38 | AX73: 2665.51 | AY73: 2711.44 | AZ73: 3270.74 | BA73: 3194.94 | BB73: 3011.08 | BC73: 2952.25 | BD73: 2750.11 | BE73: 3178.91 | BF73: 3117.41 | BG73: 3124.09 | BH73: 3038.04 | BI73: 2955.26 | BJ73: 2633.07 | BK73: 2535.86 | BL73: 2568.73 | BM73: 2540.5 | BN73: 2443.89 | BO73: 2347.88
A74: =Ret!A74 -> A051900 | B74: LG생활건강 | C74: S102306 | D74: KRW bil | F74: 유동시가총액 | G74: 12951.29 | H74: 12801.78 | I74: 12577.52 | J74: 12811.13 | K74: 13764.25 | L74: 13530.64 | M74: 14016.55 | N74: 14147.37 | O74: 15137.87 | P74: 14549.18 | Q74: 14138.03 | R74: 14670.66 | S74: 14380.98 | T74: 14567.87 | U74: 16464.78 | V74: 13633.43 | W74: 13652.12 | X74: 12493.42 | Y74: 10942.25 | Z74: 9848.96 | AA74: 10250.77 | AB74: 9110.76 | AC74: 8877.15 | AD74: 8017.47 | AE74: 8494.03 | AF74: 6858.77 | AG74: 6354.17 | AH74: 7279.26 | AI74: 6653.19 | AJ74: 5914.98 | AK74: 4765.63 | AL74: 6129.9 | AM74: 6746.63 | AN74: 6942.86 | AO74: 6242.04 | AP74: 5606.62 | AQ74: 5821.54 | AR74: 4924.48 | AS74: 4289.06 | AT74: 3999.39 | AU74: 4340.46 | AV74: 4172.26 | AW74: 2948.15 | AX74: 3116.35 | AY74: 3317.25 | AZ74: 2836.02 | BA74: 2980.35 | BB74: 3550.27 | BC74: 3923.98 | BD74: 3900.62 | BE74: 3227.94 | BF74: 3288.67 | BG74: 3312.02 | BH74: 3540.92 | BI74: 3097.14 | BJ74: 2900.94 | BK74: 2849.56 | BL74: 2868.24 | BM74: 2985.03 | BN74: 2919.63 | BO74: 3153.2
A75: =Ret!A75 -> A251270 | B75: 넷마블 | C75: S102306 | D75: KRW bil | F75: 유동시가총액 | G75: 2017.97 | H75: 1951.23 | I75: 2125.5 | J75: 2713.78 | K75: 3531.7 | L75: 3531.93 | M75: 2490.82 | N75: 2663.32 | O75: 2801.84 | P75: 2802.91 | Q75: 2632.65 | R75: 3506.59 | S75: 3521.84 | T75: 3795 | U75: 3648.83 | V75: 3770.17 | W75: 3511.57 | X75: 3212.13 | Y75: 3361.85 | Z75: 3184.91 | AA75: 3402.68 | AB75: 2978.87 | AC75: 2788.44 | AD75: 3033.28 | AE75: 2600.73 | AF75: 2272.99 | AG75: 1875.56 | AH75: 1962.67 | AI75: 1728.56 | AJ75: 1396.46 | AK75: 1214.08 | AL75: 1332.49 | AM75: 1644.18 | AN75: 1660.51 | AO75: 1682.29 | AP75: 1804.78 | AQ75: 1763.95 | AR75: 1521.68 | AS75: 1336.57 | AT75: 1339.3 | AU75: 1166.44 | AV75: 1146.02 | AW75: 1050.75 | AX75: 1617.47 | AY75: 1582.07 | AZ75: 1588.01 | BA75: 1680.63 | BB75: 1691.52 | BC75: 1522.64 | BD75: 1639.77 | BE75: 1462.72 | BF75: 1996.25 | BG75: 1920.56 | BH75: 1876.41 | BI75: 1829.11 | BJ75: 1671.43 | BK75: 1630.43 | BL75: 1397.06 | BM75: 1269.34 | BN75: 1234.65 | BO75: 1409.67
... A78: =Ret!A78 -> A021240 | B78: 코웨이 | C78: S102306 | D78: KRW bil | F78: 유동시가총액 | G78: 3315.1 | H78: 3595.85 | I78: 3898.74 | J78: 4141.74 | K78: 4309.13 | L78: 4282.72 | M78: 3748.06 | N78: 3748.06 | O78: 3927.35 | P78: 3765.29 | Q78: 3495.18 | R78: 3538.4 | S78: 3614.03 | T78: 4495.19 | U78: 4252.06 | V78: 4635.66 | W78: 4225.04 | X78: 4008.93 | Y78: 4289.88 | Z78: 3657.74 | AA78: 4019.74 | AB78: 3754.99 | AC78: 3895.47 | AD78: 3701.47 | AE78: 3831.16 | AF78: 3863.58 | AG78: 3452.91 | AH78: 3463.71 | AI78: 3442.1 | AJ78: 2912.54 | AK78: 2988.2 | AL78: 3112.48 | AM78: 3021.03 | AN78: 3015.63 | AO78: 2885.92 | AP78: 2836.89 | AQ78: 2650.47 | AR78: 2601.84 | AS78: 2374.89 | AT78: 2215.48 | AU78: 2334.36 | AV78: 2231.69 | AW78: 2334.36 | AX78: 2701.8 | AY78: 3090.86 | AZ78: 2988.2 | BA78: 2928.76 | BB78: 3026.02 | BC78: 3009.81 | BD78: 3010.59 | BE78: 3426.95 | BF78: 3325.53 | BG78: 3587.09 | BH78: 3560.4 | BI78: 3362.89 | BJ78: 3517.69 | BK78: 3571.07 | BL78: 4126.22 | BM78: 4324.2 | BN78: 4323.61 | BO78: 4681.24
A79: =Ret!A79 -> A454910 | B79: 두산로보틱스 | C79: S102306 | D79: KRW bil | F79: 유동시가총액 | AW79: 709.39 | AX79: 1769.2 | AY79: 2211.02 | AZ79: 1331.93 | BA79: 1432.75 | BB79: 1709.99 | BC79: 1400.11 | BD79: 1407.89 | BE79: 1553.73 | BF79: 1390.09 | BG79: 1374.47 | BH79: 1243.66 | BI79: 1370.57 | BJ79: 1265.14 | BK79: 1021.09 | BL79: 1308.09 | BM79: 1233.18 | BN79: 981.07 | BO79: 984.98
A80: =Ret!A80 -> A010120 | B80: LS ELECTRIC | C80: S102306 | D80: KRW bil | F80: 유동시가총액 | G80: 607.03 | H80: 707.16 | I80: 743.65 | J80: 832.14 | K80: 839.9 | L80: 877.16 | M80: 770.04 | N80: 855.43 | O80: 979.63 | P80: 954.79 | Q80: 892.69 | R80: 945.47 | S80: 883.37 | T80: 881.82 | U80: 867.85 | V80: 1007.57 | W80: 1065.02 | X80: 1035.52 | Y80: 914.42 | Z80: 815.06 | AA80: 866.3 | AB80: 757.62 | AC80: 665.64 | AD80: 684.43 | AE80: 723.35 | AF80: 773.99 | AG80: 870.74 | AH80: 876.79 | AI80: 843.53 | AJ80: 705.96 | AK80: 831.44 | AL80: 872.25 | AM80: 852.6 | AN80: 805.74 | AO80: 758.87 | AP80: 854.11 | AQ80: 955.39 | AR80: 962.95 | AS80: 1198.78 | AT80: 1597.87 | AU80: 1508.68 | AV80: 1411.93 | AW80: 967.49 | AX80: 1144.36 | AY80: 1106.56 | AZ80: 1064.24 | BA80: 969 | BB80: 1478.44 | BC80: 2669.66 | BD80: 3227.48 | BE80: 3333.3 | BF80: 2781.53 | BG80: 2523.03 | BH80: 2468.61 | BI80: 2218.2 | BJ80: 2183.33 | BK80: 2438.05 | BL80: 3502.42 | BM80: 3638.88 | BN80: 2658.42 | BO80: 3086.08
A81: =Ret!A81 -> A010620 | B81: HD현대미포 | C81: S102306 | D81: KRW bil | F81: 유동시가총액 | G81: 699.1 | H81: 772.99 | I81: 711.61 | J81: 709.33 | K81: 699.1 | L81: 675.23 | M81: 636.58 | N81: 1079.92 | O81: 1091.48 | P81: 980.05 | Q81: 1227.91 | R81: 1521.24 | S81: 1951.01 | T81: 1923.72 | U81: 1987.39 | V81: 1907.81 | W81: 1734.99 | X81: 1589.46 | Y81: 1721.35 | Z81: 1569 | AA81: 1592.01 | AB81: 1557.9 | AC81: 1814.9 | AD81: 1780.78 | AE81: 1908.14 | AF81: 1905.87 | AG81: 2071.89 | AH81: 2044.6 | AI81: 2433.93 | AJ81: 2342.95 | AK81: 2088.18 | AL81: 1967.62 | AM81: 1922.13 | AN81: 1828.86 | AO81: 1596.84 | AP81: 1596.84 | AQ81: 1669.63 | AR81: 1696.93 | AS81: 1910.75 | AT81: 2124.57 | AU81: 2069.98 | AV81: 1888.34 | AW81: 1576.65 | AX81: 1845.11 | AY81: 1931.56 | AZ81: 1537.97 | BA81: 1431.04 | BB81: 1408.29 | BC81: 1708.6 | BD81: 1642.63 | BE81: 2115.85 | BF81: 2673.25 | BG81: 2345.63 | BH81: 2268.28 | BI81: 2498.07 | BJ81: 2857.53 | BK81: 3053.19 | BL81: 2830.23 | BM81: 2388.86 | BN81: 2398.38 | BO81: 3793.27
A82: =Ret!A82 -> A005940 | B82: NH투자증권 | C82: S102306 | D82: KRW bil | F82: 유동시가총액 | G82: 1340.52 | H82: 1346.05 | I82: 1144.31 | J82: 1214.88 | K82: 1239.78 | L82: 1264.69 | M82: 1271.98 | N82: 1433.31 | O82: 1507.6 | P82: 1473.94 | Q82: 1447.26 | R82: 1555.61 | S82: 1715.84 | T82: 1756.27 | U82: 1725.06 | V82: 1698.31 | W82: 1771.86 | X82: 1737.76 | Y82: 1771.37 | Z82: 1663.61 | AA82: 1687.52 | AB82: 1539.02 | AC82: 1559.27 | AD82: 1540.38 | AE82: 1466.06 | AF82: 1459.3 | AG82: 1224.34 | AH82: 1346.1 | AI82: 1346.1 | AJ82: 1181.94 | AK82: 1179.31 | AL82: 1266.08 | AM82: 1153.01 | AN82: 1211.07 | AO82: 1250.56 | AP82: 1159.88 | AQ82: 1232.37 | AR82: 1316.72 | AS82: 1260.63 | AT82: 1306.83 | AU82: 1359.63 | AV82: 1349.07 | AW82: 1286.14 | AX82: 1363.2 | AY82: 1372.5 | AZ82: 1409.93 | BA82: 1564.51 | BB82: 1521.93 | BC82: 1612.43 | BD82: 1585.32 | BE82: 1638.25 | BF82: 1829.05 | BG82: 1797.47 | BH82: 1765.89 | BI82: 1759.31 | BJ82: 1752.73 | BK82: 1835.63 | BL82: 1900.11 | BM82: 1959.32 | BN82: 1827.85 | BO82: 1976.12
A83: =Ret!A83 -> A161390 | B83: 한국타이어앤테크놀로지 | C83: S102306 | D83: KRW bil | F83: 유동시가총액 | G83: 1483.85 | H83: 1630.5 | I83: 1706 | J83: 1784.18 | K83: 2018.28 | L83: 2155.11 | M83: 2165.37 | N83: 2237.21 | O83: 2695.6 | P83: 2815.33 | Q83: 3260.62 | R83: 3356.42 | S83: 3291.42 | T83: 3346.16 | U83: 3538.4 | V83: 3309.12 | W83: 3189.35 | X83: 2960.07 | Y83: 2830.03 | Z83: 2628.13 | AA83: 2717.11 | AB83: 2303.04 | AC83: 2409.12 | AD83: 2303.04 | AE83: 2385.17 | AF83: 2439.92 | AG83: 2255.13 | AH83: 2381.75 | AI83: 2597.34 | AJ83: 2412.54 | AK83: 2501.52 | AL83: 2326.99 | AM83: 2131.94 | AN83: 2220.91 | AO83: 2546 | AP83: 2381.75 | AQ83: 2361.21 | AR83: 2361.21 | AS83: 2354.37 | AT83: 2648.67 | AU83: 2652.09 | AV83: 2710.26 | AW83: 2614.45 | AX83: 3103.8 | AY83: 3107.22 | AZ83: 3511.02 | BA83: 3709.5 | BB83: 3709.5 | BC83: 4044.86 | BD83: 3001.14 | BE83: 3093.53 | BF83: 3055.89 | BG83: 2970.34 | BH83: 2836.88 | BI83: 2415.97 | BJ83: 2577.27 | BK83: 2628.61 | BL83: 2803.17 | BM83: 2594.38 | BN83: 2700.49 | BO83: 2833.97
A84: =Ret!A84 -> A032640 | B84: LG유플러스 | C84: S102306 | D84: KRW bil | F84: 유동시가총액 | G84: 3675.03 | H84: 3579.21 | I84: 3320.64 | J84: 3116.5 | K84: 3252.59 | L84: 3130.11 | M84: 3007.63 | N84: 3252.59 | O84: 3198.16 | P84: 3252.59 | Q84: 3211.77 | R84: 3333.71 | S84: 3592.25 | T84: 4109.31 | U84: 4159.92 | V84: 3917.07 | W84: 3757.31 | X84: 3988.44 | Y84: 3807.47 | Z84: 3595.2 | AA84: 3608.47 | AB84: 3436.01 | AC84: 3489.07 | AD84: 3714.6 | AE84: 3714.6 | AF84: 3674.8 | AG84: 3382.94 | AH84: 3316.61 | AI84: 3051.28 | AJ84: 2852.28 | AK84: 3038.01 | AL84: 3210.48 | AM84: 2931.88 | AN84: 2947.8 | AO84: 2937.19 | AP84: 2873.98 | AQ84: 2924.4 | AR84: 2982.79 | AS84: 2847.45 | AT84: 2656.38 | AU84: 2773.14 | AV84: 2749.26 | AW84: 2682.91 | AX84: 2786.41 | AY84: 2714.76 | AZ84: 2714.76 | BA84: 2738.64 | BB84: 2645.33 | BC84: 2613.49 | BD84: 2560.42 | BE84: 2605.53 | BF84: 2661.25 | BG84: 2586.96 | BH84: 2602.87 | BI84: 2655.94 | BJ84: 3075.16 | BK84: 2740.85 | BL84: 2663.9 | BM84: 2807.18 | BN84: 2733.79 | BO84: 3190.3
A85: =Ret!A85 -> A071050 | B85: 한국금융지주 | C85: S102306 | D85: KRW bil | F85: 유동시가총액 | G85: 2064.03 | H85: 2171.15 | I85: 1833.32 | J85: 2006.35 | K85: 2508.97 | L85: 2986.87 | M85: 2826.2 | N85: 3052.79 | O85: 3254.66 | P85: 3349.42 | Q85: 3596.61 | R85: 3526.57 | S85: 4614.2 | T85: 4284.62 | U85: 4243.42 | V85: 3950.91 | W85: 3926.19 | X85: 3555.41 | Y85: 3584.25 | Z85: 3102.23 | AA85: 3324.7 | AB85: 2986.87 | AC85: 3262.9 | AD85: 3230.38 | AE85: 2908.99 | AF85: 2950.19 | AG85: 2542.27 | AH85: 2599.96 | AI85: 2340.38 | AJ85: 1957.18 | AK85: 2041.65 | AL85: 2377.46 | AM85: 2196.16 | AN85: 2575.24 | AO85: 2554.64 | AP85: 2266.21 | AQ85: 2270.33 | AR85: 2282.69 | AS85: 2126.12 | AT85: 2010.36 | AU85: 2139.99 | AV85: 2185.26 | AW85: 2070.03 | AX85: 2465.1 | AY85: 2522.72 | AZ85: 2511.78 | BA85: 2904.5 | BB85: 2724.5 | BC85: 2754.6 | BD85: 2664.69 | BE85: 2860.86 | BF85: 2991.64 | BG85: 2975.3 | BH85: 2999.82 | BI85: 3151.03 | BJ85: 3052.95 | BK85: 2913.99 | BL85: 3249.12 | BM85: 3253.21 | BN85: 2983.47 | BO85: 3392.16
A86: =Ret!A86 -> A066970 | B86: 엘앤에프 | C86: S102306 | D86: KRW bil | F86: 유동시가총액 | G86: 267.28 | H86: 330.25 | I86: 431 | J86: 649.1 | K86: 673.14 | L86: 662.72 | M86: 627.57 | N86: 806.17 | O86: 1146.34 | P86: 1182.44 | Q86: 1139.52 | R86: 1261.17 | S86: 1460.64 | T86: 1423.39 | U86: 1994.16 | V86: 2333.4 | W86: 2537.07 | X86: 3942.77 | Y86: 4097.64 | Z86: 4992.4 | AA86: 4953.21 | AB86: 3760.03 | AC86: 4343.64 | AD86: 5283.13 | AE86: 5131.04 | AF86: 6335.7 | AG86: 5123.96 | AH86: 5580.23 | AI86: 5624.15 | AJ86: 4369.68 | AK86: 5532.8 | AL86: 5412.31 | AM86: 4281.31 | AN86: 5083.29 | AO86: 6465.15 | AP86: 7737.1 | AQ86: 6540.13 | AR86: 6723.09 | AS86: 6051.67 | AT86: 6412.77 | AU86: 5354.35 | AV86: 4319.94 | AW86: 3247.73 | AX86: 4390.91 | AY86: 5080.8 | AZ86: 3573.99 | BA86: 4226.53 | BB86: 4337.09 | BC86: 4088.55 | BD86: 3901.46 | BE86: 3375.11 | BF86: 2836.29 | BG86: 2339.98 | BH86: 2831.42 | BI86: 2945.75 | BJ86: 2451.88 | BK86: 2020.71 | BL86: 2197.83 | BM86: 1968.32 | BN86: 1492.05 | BO86: 1618.12
A87: =Ret!A87 -> A302440 | B87: SK바이오사이언스 | C87: S102306 | D87: KRW bil | F87: 유동시가총액 | R87: 2391.21 | S87: 3070.95 | T87: 3086.07 | U87: 3221.68 | V87: 3466.9 | W87: 6374.61 | X87: 5587.18 | Y87: 4750.65 | Z87: 5793.73 | AA87: 4919.33 | AB87: 3607.51 | AC87: 3192.1 | AD87: 3631.91 | AE87: 3153.52 | AF87: 3153.52 | AG87: 2362.88 | AH87: 2868.38 | AI87: 2656.77 | AJ87: 1900.29 | AK87: 1789.06 | AL87: 1959.45 | AM87: 1739.37 | AN87: 1782.35 | AO87: 1656.4 | AP87: 1713.43 | AQ87: 1673.03 | AR87: 1970.09 | AS87: 1897.84 | AT87: 1749.83 | AU87: 1752.22 | AV87: 1616.15 | AW87: 1446.65 | AX87: 1623.31 | AY87: 1739.8 | AZ87: 1536.26 | BA87: 1485.45 | BB87: 1483.03 | BC87: 1417.71 | BD87: 1250.78 | BE87: 1272.55 | BF87: 1348.26 | BG87: 1348.26 | BH87: 1345.83 | BI87: 1314.39 | BJ87: 1144.32 | BK87: 1224.49 | BL87: 1190.48 | BM87: 1033.77 | BN87: 952.38 | BO87: 962.99
A88: =Ret!A88 -> A011070 | B88: LG이노텍 | C88: S102306 | D88: KRW bil | F88: 유동시가총액 | G88: 1849.44 | H88: 2066.61 | I88: 2444.91 | J88: 2255.76 | K88: 2031.58 | L88: 2171.69 | M88: 2129.66 | N88: 2171.69 | O88: 2556.99 | P88: 2802.19 | Q88: 2788.17 | R88: 2879.25 | S88: 2816.2 | T88: 2865.23 | U88: 3124.44 | V88: 3180.48 | W88: 3012.35 | X88: 2921.28 | Y88: 2935.29 | Z88: 4266.33 | AA88: 5099.98 | AB88: 4952.86 | AC88: 4581.57 | AD88: 5422.23 | AE88: 4889.81 | AF88: 5394.21 | AG88: 4798.74 | AH88: 5085.97 | AI88: 4819.76 | AJ88: 3831.99 | AK88: 4154.24 | AL88: 4350.39 | AM88: 3537.16 | AN88: 3803.32 | AO88: 3880.37 | AP88: 3789.32 | AQ88: 3705.26 | AR88: 4300.63 | AS88: 4335.65 | AT88: 3698.26 | AU88: 3782.31 | AV88: 3425.09 | AW88: 3123.91 | AX88: 3334.04 | AY88: 3355.05 | AZ88: 2675.64 | BA88: 2829.73 | BB88: 2755.95 | BC88: 3110.43 | BD88: 3474.71 | BE88: 3810.97 | BF88: 3586.8 | BG88: 3895.04 | BH88: 3054.38 | BI88: 2488.34 | BJ88: 2268.37 | BK88: 2269.77 | BL88: 2083.42 | BM88: 2275.37 | BN88: 2240.35 | BO88: 1955.6
A89: =Ret!A89 -> A022100 | B89: 포스코DX | C89: S102306 | D89: KRW bil | F89: 유동시가총액 | G89: 223.15 | H89: 240.3 | I89: 214.46 | J89: 219.25 | K89: 219.25 | L89: 350.19 | M89: 337.28 | N89: 357.03 | O89: 393.19 | P89: 392.68 | Q89: 380 | R89: 373.68 | S89: 366.05 | T89: 412.82 | U89: 435.58 | V89: 403.53 | W89: 372.99 | X89: 341.95 | Y89: 340.43 | Z89: 291.07 | AA89: 334.01 | AB89: 299.9 | AC89: 292.77 | AD89: 315.68 | AE89: 315.17 | AF89: 316.19 | AG89: 266.8 | AH89: 296.33 | AI89: 338.09 | AJ89: 307.54 | AK89: 291.75 | AL89: 357.43 | AM89: 318.32 | AN89: 345.32 | AO89: 347.86 | AP89: 484.43 | AQ89: 675.14 | AR89: 584.88 | AS89: 777.63 | AT89: 1771.99 | AU89: 2860.68 | AV89: 2763.79 | AW89: 2501.18 | AX89: 2921.87 | AY89: 3796.05 | AZ89: 2931.45 | BA89: 2767.74 | BB89: 2501.71 | BC89: 2084.76 | BD89: 1808.49 | BE89: 1961.97 | BF89: 1474.56 | BG89: 1357.21 | BH89: 1570.57 | BI89: 1406.62 | BJ89: 1082.65 | BK89: 983.67 | BL89: 971.81 | BM89: 1206.02 | BN89: 1274.63 | BO89: 1282.47
A90: =Ret!A90 -> A097950 | B90: CJ제일제당 | C90: S102306 | D90: KRW bil | F90: 유동시가총액 | G90: 2128.26 | H90: 2319.6 | I90: 2546.1 | J90: 3014.7 | K90: 3178.72 | L90: 3084.99 | M90: 2819.45 | N90: 2823.36 | O90: 2975.65 | P90: 3327.75 | Q90: 3175.42 | R90: 3210.57 | S90: 3089.49 | T90: 3815.97 | U90: 3601.16 | V90: 3655.84 | W90: 3542.57 | X90: 3198.86 | Y90: 2968.41 | Z90: 2765.31 | AA90: 3027 | AB90: 2703.34 | AC90: 2957.27 | AD90: 2887.51 | AE90: 3110.22 | AF90: 3075.06 | AG90: 2961.74 | AH90: 3059.43 | AI90: 3184.46 | AJ90: 3211.81 | AK90: 3235.26 | AL90: 3086.78 | AM90: 2973.47 | AN90: 2696.57 | AO90: 2508.98 | AP90: 2548.06 | AQ90: 2419.09 | AR90: 2423 | AS90: 2106.45 | AT90: 2188.52 | AU90: 2337.02 | AV90: 2399.55 | AW90: 2208.06 | AX90: 2415.19 | AY90: 2532.43 | AZ90: 2282.31 | BA90: 2340.93 | BB90: 2297.94 | BC90: 2634.04 | BD90: 2731.74 | BE90: 3013.12 | BF90: 3020.94 | BG90: 2516.79 | BH90: 2376.1 | BI90: 2145.53 | BJ90: 2059.55 | BK90: 1997.02 | BL90: 1891.5 | BM90: 1852.42 | BN90: 1926.68 | BO90: 1868.06
A91: =Ret!A91 -> A128940 | B91: 한미약품 | C91: S102306 | D91: KRW bil | F91: 유동시가총액 | G91: 1775.69 | H91: 1624.86 | I91: 1669.42 | J91: 1806.54 | K91: 2101.34 | L91: 1875.1 | M91: 1799.68 | N91: 2457.85 | O91: 2563.5 | P91: 2673.36 | Q91: 2394.15 | R91: 2209.18 | S91: 2359.25 | T91: 2481.4 | U91: 2335.23 | V91: 2234 | W91: 2157.21 | X91: 1919.84 | Y91: 1843.05 | Z91: 1762.76 | AA91: 1992.94 | AB91: 1754.94 | AC91: 1882.83 | AD91: 1946.77 | AE91: 2216.76 | AF91: 2199 | AG91: 2188.34 | AH91: 2199 | AI91: 2188.34 | AJ91: 1627.05 | AK91: 1797.57 | AL91: 1857.96 | AM91: 2160.01 | AN91: 1856.31 | AO91: 1874.4 | AP91: 1853.33 | AQ91: 2338.38 | AR91: 2117.57 | AS91: 2233.41 | AT91: 1929.35 | AU91: 2131.68 | AV91: 2164.26 | AW91: 2041.2 | AX91: 2225.78 | AY91: 2602.5 | AZ91: 2392.08 | BA91: 2465.91 | BB91: 2458.53 | BC91: 2336.71 | BD91: 2093.07 | BE91: 1677.59 | BF91: 1792.32 | BG91: 1956.67 | BH91: 1993.88 | BI91: 1987.68 | BJ91: 1689.99 | BK91: 1739.61 | BL91: 1513.24 | BM91: 1488.43 | BN91: 1398.51 | BO91: 1668.28
A92: =Ret!A92 -> A016360 | B92: 삼성증권 | C92: S102306 | D92: KRW bil | F92: 유동시가총액 | G92: 1851.18 | H92: 1718.95 | I92: 1620.78 | J92: 1778.64 | K92: 1852.37 | L92: 1881.93 | M92: 1976.19 | N92: 2428.68 | O92: 2492.77 | P92: 2326.04 | Q92: 2252.43 | R92: 2435.02 | S92: 2632.15 | T92: 2927.96 | U92: 2776.11 | V92: 2732.87 | W92: 3054.03 | X92: 2960.44 | Y92: 2926.87 | Z92: 2741.43 | AA92: 2778.23 | AB92: 2475.04 | AC92: 2617.73 | AD92: 2599.34 | AE92: 2462.86 | AF92: 2459.76 | AG92: 2075.43 | AH92: 2171.6 | AI92: 2103.35 | AJ92: 1907.9 | AK92: 1969.95 | AL92: 2184.01 | AM92: 1951.34 | AN92: 2072.92 | AO92: 2079.13 | AP92: 1967.41 | AQ92: 2100.85 | AR92: 2280.83 | AS92: 2235.57 | AT92: 2229.36 | AU92: 2319.41 | AV92: 2282.15 | AW92: 2192.1 | AX92: 2434.29 | AY92: 2390.82 | AZ92: 2340.05 | BA92: 2582.45 | BB92: 2492.33 | BC92: 2368.02 | BD92: 2243.72 | BE92: 2473.68 | BF92: 2782.94 | BG92: 2938.41 | BH92: 2708.31 | BI92: 2854.45 | BJ92: 2960.17 | BK92: 2705.2 | BL92: 2835.8 | BM92: 2835.8 | BN92: 2814.03 | BO92: 3246.24
A93: =Ret!A93 -> A011170 | B93: 롯데케미칼 | C93: S102306 | D93: KRW bil | F93: 유동시가총액 | G93: 3372.61 | H93: 2942.23 | I93: 2613.58 | J93: 2637.05 | K93: 2965.7 | L93: 3036.19 | M93: 3600.17 | N93: 4357.28 | O93: 4264.58 | P93: 4032.8 | Q93: 4913.53 | R93: 4650.86 | S93: 4697.21 | T93: 4310.93 | U93: 4055.98 | V93: 4009.63 | W93: 3862.84 | X93: 3731.5 | Y93: 3468.83 | Z93: 3113.45 | AA93: 3352.94 | AB93: 3013.01 | AC93: 3399.3 | AD93: 3236.34 | AE93: 3035.52 | AF93: 3159.1 | AG93: 2780.63 | AH93: 2726.56 | AI93: 2671 | AJ93: 2197.85 | AK93: 2244.19 | AL93: 2782.49 | AM93: 3436.7 | AN93: 3403.97 | AO93: 3430.92 | AP93: 3655.56 | AQ93: 3220.65 | AR93: 3197.66 | AS93: 2962 | AT93: 2885.36 | AU93: 2617.13 | AV93: 2626.71 | AW93: 2804.89 | AX93: 2924.65 | AY93: 2885.37 | AZ93: 2461.61 | BA93: 2305.28 | BB93: 2246.9 | BC93: 2024.2 | BD93: 2128.68 | BE93: 2158.79 | BF93: 1908.47 | BG93: 1556.51 | BH93: 1910.35 | BI93: 1795.54 | BJ93: 1213.97 | BK93: 1125.51 | BL93: 1069.29 | BM93: 1174.71 | BN93: 1230.91 | BO93: 1134.92
A94: =Ret!A94 -> A271560 | B94: 오리온 | C94: S102306 | D94: KRW bil | F94: 유동시가총액 | G94: 2753.72 | H94: 2931.9 | I94: 2976.33 | J94: 2976.33 | K94: 3120.7 | L94: 2909.69 | M94: 2409.94 | N94: 2632.05 | O94: 2754.21 | P94: 2665.37 | Q94: 2854.16 | R94: 2909.69 | S94: 2598.73 | T94: 2654.26 | U94: 2632.05 | V94: 2609.84 | W94: 2809.74 | X94: 2609.84 | Y94: 2620.95 | Z94: 2156.73 | AA94: 2298.88 | AB94: 2158.95 | AC94: 2032.34 | AD94: 1972.37 | AE94: 2110.08 | AF94: 2163.39 | AG94: 2309.99 | AH94: 2232.25 | AI94: 2185.6 | AJ94: 2287.77 | AK94: 2254.46 | AL94: 2609.84 | AM94: 2843.06 | AN94: 2765.32 | AO94: 2776.42 | AP94: 3034.08 | AQ94: 3218.43 | AR94: 2869.71 | AS94: 2665.37 | AT94: 2520.99 | AU94: 2705.35 | AV94: 2849.72 | AW94: 2660.93 | AX94: 2614.28 | AY94: 2578.74 | AZ94: 2036.79 | BA94: 2063.44 | BB94: 2021.24 | BC94: 2063.44 | BD94: 2036.79 | BE94: 2047.89 | BF94: 1945.72 | BG94: 2043.45 | BH94: 2165.61 | BI94: 2216.7 | BJ94: 2278.89 | BK94: 2274.45 | BL94: 2252.24 | BM94: 2263.34 | BN94: 2618.72 | BO94: 2736.44
A95: =Ret!A95 -> A003230 | B95: 삼양식품 | C95: S102306 | D95: KRW bil | F95: 유동시가총액 | G95: 405.91 | H95: 480.97 | I95: 511.41 | J95: 483 | K95: 432.26 | L95: 403.85 | M95: 391.27 | N95: 411.97 | O95: 409.94 | P95: 369.76 | Q95: 353.52 | R95: 361.03 | S95: 375.63 | T95: 365.9 | U95: 368.33 | V95: 372.39 | W95: 337.91 | X95: 331.42 | Y95: 331.82 | Z95: 320.06 | AA95: 384.56 | AB95: 343.99 | AC95: 354.5 | AD95: 374.84 | AE95: 395.35 | AF95: 370.14 | AG95: 406 | AH95: 411.62 | AI95: 446.26 | AJ95: 424.24 | AK95: 444.25 | AL95: 446.26 | AM95: 514.61 | AN95: 497.99 | AO95: 483.4 | AP95: 483 | AQ95: 471.65 | AR95: 438.02 | AS95: 433.56 | AT95: 490.29 | AU95: 787.71 | AV95: 818.51 | AW95: 743.69 | AX95: 857.64 | AY95: 875.88 | AZ95: 745.72 | BA95: 693 | BB95: 853.58 | BC95: 1198.26 | BD95: 2152.68 | BE95: 2722.38 | BF95: 2510.78 | BG95: 2012.29 | BH95: 2209.65 | BI95: 2116.05 | BJ95: 2111.98 | BK95: 3113.04 | BL95: 2783.42 | BM95: 3499.63 | BN95: 3499.63 | BO95: 3947.25
A96: =Ret!A96 -> A011780 | B96: 금호석유화학 | C96: S102306 | D96: KRW bil | F96: 유동시가총액 | G96: 1321.45 | H96: 1226.32 | I96: 1288.59 | J96: 1463.28 | K96: 1738.3 | L96: 1902.62 | M96: 2300.84 | N96: 2404.64 | O96: 2508.44 | P96: 4281.64 | Q96: 3650.21 | R96: 4569.04 | S96: 4482.83 | T96: 3990.74 | U96: 3774.59 | V96: 3507.44 | W96: 3352.32 | X96: 3257.52 | Y96: 2964.52 | Z96: 2671.51 | AA96: 2889.93 | AB96: 2532.86 | AC96: 2793.98 | AD96: 2685.56 | AE96: 2631.49 | AF96: 2687.85 | AG96: 2283.27 | AH96: 2127.22 | AI96: 2135.43 | AJ96: 1897.25 | AK96: 2151.65 | AL96: 2455.51 | AM96: 2069.53 | AN96: 2421.02 | AO96: 2583.62 | AP96: 2360.67 | AQ96: 2223.55 | AR96: 2044.5 | AS96: 2114.22 | AT96: 1888.48 | AU96: 1954.7 | AV96: 2100.36 | AW96: 1984.46 | AX96: 2004.64 | AY96: 2081.38 | AZ96: 1954.88 | BA96: 2315.46 | BB96: 2126.02 | BC96: 2158.85 | BD96: 2289.11 | BE96: 2259.32 | BF96: 2124.83 | BG96: 2096.87 | BH96: 2418.53 | BI96: 2184.39 | BJ96: 1512.37 | BK96: 1386.35 | BL96: 1620.12 | BM96: 1685.52 | BN96: 1849.25 | BO96: 1806.83
A97: =Ret!A97 -> A078930 | B97: GS | C97: S102306 | D97: KRW bil | F97: 유동시가총액 | G97: 1773.03 | H97: 1717.13 | I97: 1639.29 | J97: 1577.24 | K97: 1451.9 | L97: 1383.73 | M97: 1467.49 | N97: 1558.65 | O97: 1669.82 | P97: 1611.34 | Q97: 1733.58 | R97: 1736.93 | S97: 1919.6 | T97: 2053.03 | U97: 2057.13 | V97: 1903.68 | W97: 1884.02 | X97: 1983.76 | Y97: 1872.94 | Z97: 1657.15 | AA97: 1726.4 | AB97: 1691.14 | AC97: 1763.91 | AD97: 1935.89 | AE97: 1927.07 | AF97: 2002.03 | AG97: 1855.21 | AH97: 1846.34 | AI97: 2041.39 | AJ97: 1857.47 | AK97: 2049.01 | AL97: 2164.37 | AM97: 1953.05 | AN97: 1968.01 | AO97: 1809.94 | AP97: 1798.06 | AQ97: 1759.9 | AR97: 1705.99 | AS97: 1622.31 | AT97: 1651.62 | AU97: 1645.05 | AV97: 1746.15 | AW97: 1719.87 | AX97: 1803.2 | AY97: 1779.27 | AZ97: 2011.18 | BA97: 2087.19 | BB97: 2095.88 | BC97: 1950.36 | BD97: 1893.89 | BE97: 2037.24 | BF97: 2124.12 | BG97: 1961.22 | BH97: 1848.28 | BI97: 1789.64 | BJ97: 1812.99 | BK97: 1703.09 | BL97: 1668.43 | BM97: 1562.25 | BN97: 1594.75 | BO97: 1675.65
A98: =Ret!A98 -> A035250 | B98: 강원랜드 | C98: S102306 | D98: KRW bil | F98: 유동시가총액 | G98: 3135.14 | H98: 3028.76 | I98: 2690.84 | J98: 2859.8 | K98: 2584.45 | L98: 2690.84 | M98: 2640.77 | N98: 2809.73 | O98: 2941.15 | P98: 2947.4 | Q98: 3028.76 | R98: 3166.43 | S98: 3166.43 | T98: 3598.21 | U98: 3366.67 | V98: 3241.52 | W98: 3466.8 | X98: 3585.7 | Y98: 3479.31 | Z98: 2753.41 | AA98: 3009.98 | AB98: 3103.85 | AC98: 3316.61 | AD98: 3485.57 | AE98: 3354.16 | AF98: 3516.86 | AG98: 3178.94 | AH98: 3241.52 | AI98: 3322.87 | AJ98: 2947.4 | AK98: 2878.57 | AL98: 3135.14 | AM98: 2903.6 | AN98: 2941.15 | AO98: 2528.13 | AP98: 2490.59 | AQ98: 2365.43 | AR98: 2281.58 | AS98: 2175.2 | AT98: 1952.42 | AU98: 1941.16 | AV98: 1889.84 | AW98: 1836.03 | AX98: 1939.91 | AY98: 2002.48 | AZ98: 1878.58 | BA98: 2175.2 | BB98: 2038.78 | BC98: 1921.13 | BD98: 1866.06 | BE98: 1737.15 | BF98: 1807.24 | BG98: 2001.23 | BH98: 2123.88 | BI98: 2219.61 | BJ98: 2215.82 | BK98: 1961.49 | BL98: 2060.97 | BM98: 1972.54 | BN98: 2046.24 | BO98: 1989.74
A99: =Ret!A99 -> A241560 | B99: 두산밥캣 | C99: S102306 | D99: KRW bil | F99: 유동시가총액 | G99: 1152.72 | H99: 1162.53 | I99: 1290.07 | J99: 1321.95 | K99: 1290.07 | L99: 1319.5 | M99: 1415.15 | N99: 1474.01 | O99: 1454.39 | P99: 1488.73 | Q99: 1586.83 | R99: 2065.09 | S99: 2239.22 | T99: 2516.36 | U99: 2354.49 | V99: 2261.29 | W99: 2126.4 | X99: 1964.53 | Y99: 1866.43 | Z99: 1775.68 | AA99: 1998.87 | AB99: 1817.37 | AC99: 1871.33 | AD99: 1904.5 | AE99: 2036.86 | AF99: 1862.83 | AG99: 1416.73 | AH99: 1524.58 | AI99: 1701.06 | AJ99: 1397.12 | AK99: 1642.23 | AL99: 1742.73 | AM99: 1696.16 | AN99: 1703.51 | AO99: 1857.93 | AP99: 2139.63 | AQ99: 2506.84 | AR99: 2619.45 | AS99: 3167.69 | AT99: 3156.9 | AU99: 2903.27 | AV99: 2752.17 | AW99: 2091.11 | AX99: 2460.76 | AY99: 2719.79 | AZ99: 2746.77 | BA99: 2533.62 | BB99: 2876.29 | BC99: 2816.93 | BD99: 3110.26 | BE99: 2765.27 | BF99: 2220.84 | BG99: 2145.38 | BH99: 2188.5 | BI99: 2021.4 | BJ99: 2091.47 | BK99: 2188.43 | BL99: 2420.53 | BM99: 2326.64 | BN99: 2475.48 | BO99: 2425.97
... A110: =Ret!A110 -> A000150 | B110: 두산 | C110: S102306 | D110: KRW bil | F110: 유동시가총액 | G110: 230.69 | H110: 214.97 | I110: 217.26 | J110: 271.57 | K110: 265.57 | L110: 267.85 | M110: 266.42 | N110: 316.16 | O110: 299.58 | P110: 293.87 | Q110: 266.71 | R110: 285.66 | S110: 361.43 | T110: 499.83 | U110: 547.3 | V110: 553.02 | W110: 511.84 | X110: 569.6 | Y110: 589.05 | Z110: 620.5 | AA110: 674.83 | AB110: 552.45 | AC110: 649.1 | AD110: 729.49 | AE110: 640.72 | AF110: 604.33 | AG110: 499.45 | AH110: 498.74 | AI110: 590.78 | AJ110: 578.65 | AK110: 544.19 | AL110: 684.11 | AM110: 578.36 | AN110: 644.48 | AO110: 702.94 | AP110: 681.37 | AQ110: 648.66 | AR110: 677.19 | AS110: 630.56 | AT110: 741.22 | AU110: 818.48 | AV110: 793.04 | AW110: 515.97 | AX110: 638.72 | AY110: 651.2 | AZ110: 625.54 | BA110: 631.09 | BB110: 1075.32 | BC110: 1053.19 | BD110: 1424.54 | BE110: 1500.6 | BF110: 1210.16 | BG110: 1033.83 | BH110: 1172.13 | BI110: 1386.5 | BJ110: 1334.64 | BK110: 1763.38 | BL110: 1963.92 | BM110: 2236.02 | BN110: 2028.5 | BO110: 2104.79
A111: =Ret!A111 -> A377300 | B111: 카카오페이 | C111: S102306 | D111: KRW bil | F111: 유동시가총액 | Z111: 2964.21 | AA111: 2637.36 | AB111: 1932.59 | AC111: 2304.04 | AD111: 2343.48 | AE111: 1805.8 | AF111: 1698.18 | AG111: 1279.58 | AH111: 1337.94 | AI111: 1326.97 | AJ111: 1051.72 | AK111: 759.36 | AL111: 1136.52 | AM111: 1180.07 | AN111: 1401.96 | AO111: 1483.58 | AP111: 1329.03 | AQ111: 1314.34 | AR111: 1456.33 | AS111: 1144.02 | AT111: 1222.02 | AU111: 1103.74 | AV111: 994.56 | AW111: 838 | AX111: 1130.32 | AY111: 1215.3 | AZ111: 1172.31 | BA111: 1092.62 | BB111: 1070.09 | BC111: 989.71 | BD111: 870.78 | BE111: 756.49 | BF111: 712.49 | BG111: 710.56 | BH111: 689.39 | BI111: 694.01 | BJ111: 699.7 | BK111: 742.53 | BL111: 763.74 | BM111: 969.37 | BN111: 809.97 | BO111: 896.86
A112: =Ret!A112 -> A008930 | B112: 한미사이언스 | C112: S102306 | D112: KRW bil | F112: 유동시가총액 | G112: 595.45 | H112: 571.51 | I112: 693.3 | J112: 878.6 | K112: 1220.05 | L112: 1224.21 | M112: 1107.62 | N112: 1463.64 | O112: 1616.47 | P112: 1710.97 | Q112: 1369.2 | R112: 1239.02 | S112: 1478.28 | T112: 1497.04 | U112: 1633.2 | V112: 1530.72 | W112: 1567.02 | X112: 1325.77 | Y112: 1232.62 | Z112: 1083.41 | AA112: 1253.07 | AB112: 1044.22 | AC112: 1106.91 | AD112: 1087.43 | AE112: 1246.95 | AF112: 1210.52 | AG112: 1003.43 | AH112: 1037.92 | AI112: 1098.83 | AJ112: 817.75 | AK112: 830.71 | AL112: 814.08 | AM112: 858.33 | AN112: 816.8 | AO112: 906.06 | AP112: 1084.48 | AQ112: 1219.82 | AR112: 1024.73 | AS112: 939.69 | AT112: 902.84 | AU112: 1020.98 | AV112: 934.48 | AW112: 896.73 | AX112: 1010.8 | AY112: 1105.43 | AZ112: 1093.09 | BA112: 1148.86 | BB112: 1067.99 | BC112: 948.08 | BD112: 879.93 | BE112: 866.2 | BF112: 601.7 | BG112: 640.45 | BH112: 620.04 | BI112: 931.05 | BJ112: 644.65 | BK112: 590.74 | BL112: 555.64 | BM112: 565.25 | BN112: 529.46 | BO112: 579.15
A113: =Ret!A113 -> A000720 | B113: 현대건설 | C113: S102306 | D113: KRW bil | F113: 유동시가총액 | G113: 2540.09 | H113: 2478.49 | I113: 2395.14 | J113: 2485.73 | K113: 2337.17 | L113: 2206.72 | M113: 2221.22 | N113: 2435 | O113: 2714.01 | P113: 2916.93 | Q113: 2884.32 | R113: 3192.32 | S113: 3652.5 | T113: 4159.8 | U113: 4225.02 | V113: 3964.13 | W113: 4022.1 | X113: 3724.98 | Y113: 3645.26 | Z113: 3203.19 | AA113: 3221.31 | AB113: 3058.25 | AC113: 3137.97 | AD113: 3471.33 | AE113: 3228.55 | AF113: 3137.97 | AG113: 2996.65 | AH113: 3054.62 | AI113: 3493.07 | AJ113: 2717.64 | AK113: 2529.21 | AL113: 2971.28 | AM113: 2529.21 | AN113: 2757.5 | AO113: 2637.92 | AP113: 2641.54 | AQ113: 2971.28 | AR113: 2775.61 | AS113: 2761.12 | AT113: 2710.39 | AU113: 2572.7 | AV113: 2627.05 | AW113: 2420.51 | AX113: 2598.06 | AY113: 2529.21 | AZ113: 2511.1 | BA113: 2514.72 | BB113: 2391.52 | BC113: 2569.07 | BD113: 2406.02 | BE113: 2322.67 | BF113: 2424.13 | BG113: 2319.05 | BH113: 2210.35 | BI113: 2021.92 | BJ113: 1989.31 | BK113: 1840.75 | BL113: 2250.2 | BM113: 2427.76 | BN113: 2605.31 | BO113: 3014.77
A114: =Ret!A114 -> A138930 | B114: BNK금융지주 | C114: S102306 | D114: KRW bil | F114: 유동시가총액 | G114: 1365.01 | H114: 1359.87 | I114: 1334.05 | J114: 1371.91 | K114: 1357.38 | L114: 1352.21 | M114: 1471.56 | N114: 1502.69 | O114: 1516.04 | P114: 1473.36 | Q114: 1573.99 | R114: 1808.55 | S114: 2043.19 | T114: 2112.59 | U114: 2061.94 | V114: 2078.39 | W114: 2085.88 | X114: 2376.18 | Y114: 2362.27 | Z114: 2151.43 | AA114: 2266.67 | AB114: 2187.61 | AC114: 2147.67 | AD114: 2185.04 | AE114: 2172.58 | AF114: 2175.34 | AG114: 1849.79 | AH114: 1871.84 | AI114: 1849.79 | AJ114: 1657.61 | AK114: 1764.99 | AL114: 2034.84 | AM114: 1789.78 | AN114: 1948.79 | AO114: 1828.69 | AP114: 1777.04 | AQ114: 1812.53 | AR114: 1831.63 | AS114: 1910.21 | AT114: 1863.35 | AU114: 1879.89 | AV114: 1888.16 | AW114: 1865.8 | AX114: 1973.13 | AY114: 1964.87 | AZ114: 2071.96 | BA114: 2062.49 | BB114: 2124.98 | BC114: 2294.54 | BD114: 2310.95 | BE114: 2316.42 | BF114: 2604.5 | BG114: 2779.59 | BH114: 2454.41 | BI114: 2563.02 | BJ114: 2867.1 | BK114: 2807.37 | BL114: 3301.51 | BM114: 3030.01 | BN114: 2783.05 | BO114: 2782.86
A115: =Ret!A115 -> A001040 | B115: CJ | C115: S102306 | D115: KRW bil | F115: 유동시가총액 | G115: 1079.57 | H115: 1224.85 | I115: 1150.21 | J115: 1098.23 | K115: 1079.57 | L115: 1082.24 | M115: 1012.93 | N115: 1054.25 | O115: 1227.51 | P115: 1254.17 | Q115: 1235.51 | R115: 1252.84 | S115: 1272.83 | T115: 1526.06 | U115: 1426.1 | V115: 1306.15 | W115: 1352.8 | X115: 1316.81 | Y115: 1276.83 | Z115: 1066.24 | AA115: 1111.56 | AB115: 1053.61 | AC115: 1115.74 | AD115: 1119.72 | AE115: 1154.21 | AF115: 1132.98 | AG115: 1030.83 | AH115: 1058.69 | AI115: 1037.46 | AJ115: 922.04 | AK115: 952.55 | AL115: 1017.56 | AM115: 1115.74 | AN115: 1093.18 | AO115: 1152.88 | AP115: 1383.73 | AQ115: 1213.91 | AR115: 1175.44 | AS115: 906.12 | AT115: 859.69 | AU115: 932.65 | AV115: 1191.36 | AW115: 1115.74 | AX115: 1220.54 | AY115: 1252.38 | AZ115: 1245.75 | BA115: 1285.55 | BB115: 1722.03 | BC115: 1694.17 | BD115: 1829.49 | BE115: 1611.91 | BF115: 1755.2 | BG115: 1484.55 | BH115: 1577.42 | BI115: 1363.83 | BJ115: 1273.61 | BK115: 1314.74 | BL115: 1265.65 | BM115: 1365.15 | BN115: 1542.93 | BO115: 1649.06
A116: =Ret!A116 -> A001450 | B116: 현대해상 | C116: S102306 | D116: KRW bil | F116: 유동시가총액 | G116: 1568.94 | H116: 1438.87 | I116: 1357.33 | J116: 1381.04 | K116: 1309.92 | L116: 1324.73 | M116: 1381.04 | N116: 1321.77 | O116: 1348.44 | P116: 1179.52 | Q116: 1289.84 | R116: 1425.01 | S116: 1416.28 | T116: 1419.19 | U116: 1483.17 | V116: 1509.35 | W116: 1488.99 | X116: 1480.26 | Y116: 1527.03 | Z116: 1337.97 | AA116: 1334.86 | AB116: 1480.26 | AC116: 1672.54 | AD116: 1867.09 | AE116: 1888.86 | AF116: 1822.13 | AG116: 1796.01 | AH116: 1903.37 | AI116: 1827.93 | AJ116: 1700.27 | AK116: 1932.38 | AL116: 1752.49 | AM116: 1708.97 | AN116: 1796.01 | AO116: 2042.64 | AP116: 1959.89 | AQ116: 2177.33 | AR116: 1901.9 | AS116: 1800.43 | AT116: 1661.27 | AU116: 1754.04 | AV116: 1881.61 | AW116: 1826.52 | AX116: 1809.13 | AY116: 1797.53 | AZ116: 1965.69 | BA116: 1826.52 | BB116: 1768.54 | BC116: 1814.93 | BD116: 1901.9 | BE116: 2000.48 | BF116: 2090.35 | BG116: 2017.87 | BH116: 1913.5 | BI116: 1759.84 | BJ116: 1542.4 | BK116: 1432.23 | BL116: 1435.12 | BM116: 1348.15 | BN116: 1267.16 | BO116: 1287.46
A117: =Ret!A117 -> A026960 | B117: 동서 | C117: S102306 | D117: KRW bil | F117: 유동시가총액 | G117: 506.92 | H117: 489.34 | I117: 465.22 | J117: 634.21 | K117: 750.95 | L117: 872.64 | M117: 854.06 | N117: 1010.16 | O117: 1012.06 | P117: 927.64 | Q117: 1216.22 | R117: 971.23 | S117: 959.17 | T117: 913.42 | U117: 931.41 | V117: 928.36 | W117: 882.55 | X117: 892.3 | Y117: 1057.31 | Z117: 969.95 | AA117: 949.46 | AB117: 774.88 | AC117: 841.28 | AD117: 841.39 | AE117: 822.96 | AF117: 844.46 | AG117: 806.11 | AH117: 778.42 | AI117: 752.26 | AJ117: 640.58 | AK117: 628.27 | AL117: 659.06 | AM117: 622.71 | AN117: 644.91 | AO117: 596.08 | AP117: 605.92 | AQ117: 589.89 | AR117: 618.61 | AS117: 578.75 | AT117: 549.61 | AU117: 545.15 | AV117: 512.14 | AW117: 520.72 | AX117: 553 | AY117: 549.62 | AZ117: 521.58 | BA117: 528.53 | BB117: 517.9 | BC117: 571.33 | BD117: 561.75 | BE117: 575.04 | BF117: 558.71 | BG117: 558.71 | BH117: 574 | BI117: 799.23 | BJ117: 838.21 | BK117: 821.04 | BL117: 700.51 | BM117: 709.68 | BN117: 804.81 | BO117: 785.18
A118: =Ret!A118 -> A052690 | B118: 한전기술 | C118: S102306 | D118: KRW bil | F118: 유동시가총액 | G118: 203.69 | H118: 198.3 | I118: 179.9 | J118: 194.29 | K118: 195.49 | L118: 195.49 | M118: 186.5 | N118: 197.89 | O118: 214.08 | P118: 204.62 | Q118: 210.02 | R118: 269.42 | S118: 460.84 | T118: 697.26 | U118: 607.6 | V118: 641.29 | W118: 558.87 | X118: 586.31 | Y118: 853.59 | Z118: 1002.87 | AA118: 1023.34 | AB118: 852.13 | AC118: 1076.63 | AD118: 1015.4 | AE118: 888.62 | AF118: 893.45 | AG118: 857.23 | AH118: 792.03 | AI118: 888.62 | AJ118: 669.09 | AK118: 599.65 | AL118: 731.9 | AM118: 659.43 | AN118: 793.74 | AO118: 763.54 | AP118: 906.1 | AQ118: 849.32 | AR118: 807.03 | AS118: 839.65 | AT118: 913.35 | AU118: 799.78 | AV118: 776.83 | AW118: 632.05 | AX118: 739.61 | AY118: 1101.05 | AZ118: 1163.36 | BA118: 1257.35 | BB118: 1156.26 | BC118: 1165.13 | BD118: 1239.61 | BE118: 1216.56 | BF118: 1349.56 | BG118: 1189.96 | BH118: 1186.41 | BI118: 1220.1 | BJ118: 1205.92 | BK118: 939.91 | BL118: 1221.88 | BM118: 1127.89 | BN118: 1019.71 | BO118: 1205.92
A119: =Ret!A119 -> A088350 | B119: 한화생명 | C119: S102306 | D119: KRW bil | F119: 유동시가총액 | G119: 643.95 | H119: 545.56 | I119: 486.54 | J119: 524.1 | K119: 547.35 | L119: 545.56 | M119: 549.14 | N119: 738.75 | O119: 873.33 | P119: 955.88 | Q119: 1147.42 | R119: 1151.44 | S119: 1253.67 | T119: 1381.01 | U119: 1346.93 | V119: 1217.8 | W119: 1196.27 | X119: 1294.92 | Y119: 1246.49 | Z119: 995.4 | AA119: 1053.05 | AB119: 1054.84 | AC119: 1060.22 | AD119: 1130.19 | AE119: 1054.84 | AF119: 943.62 | AG119: 798.31 | AH119: 827.01 | AI119: 828.8 | AJ119: 750.05 | AK119: 784.15 | AL119: 902.57 | AM119: 994.09 | AN119: 983.56 | AO119: 1067.92 | AP119: 861.3 | AQ119: 890.01 | AR119: 906.16 | AS119: 926.13 | AT119: 848.95 | AU119: 902.79 | AV119: 1024.84 | AW119: 994.33 | AX119: 992.53 | AY119: 1015.87 | AZ119: 1089.45 | BA119: 1130.73 | BB119: 1017.66 | BC119: 1058.94 | BD119: 1006.89 | BE119: 1076.89 | BF119: 1118.71 | BG119: 1066.38 | BH119: 1030.47 | BI119: 1062.79 | BJ119: 967.64 | BK119: 883.26 | BL119: 895.83 | BM119: 942.51 | BN119: 913.78 | BO119: 951.48
...

Sheet DY
A1: Refresh | B1: Last Update : 2025-06-19 08:32:57
A2: 0
A3: Time Series (Company)
A4: Frequency | B4: M | C4: Ascending | D4: 0
A5: Period(From) | B5: =FlMktcap!B5 -> 20200401 | C5: Korean | D5: 0
A6: Period(To) | B6: =FlMktcap!B6 -> 20250430 | D6: 0
A8: Code | B8: Name | C8: Item Code | D8: Unit | E8: Base Date | G8: 43950 | H8: 43980 | I8: 44012 | J8: 44043 | K8: 44074 | L8: 44103 | M8: 44134 | N8: 44165 | O8: 44195 | P8: 44225 | Q8: 44253 | R8: 44286 | S8: 44316 | T8: 44347 | U8: 44377 | V8: 44407 | W8: 44439 | X8: 44469 | Y8: 44498 | Z8: 44530 | AA8: 44560 | AB8: 44589 | AC8: 44620 | AD8: 44651 | AE8: 44680 | AF8: 44712 | AG8: 44742 | AH8: 44771 | AI8: 44804 | AJ8: 44834 | AK8: 44865 | AL8: 44895 | AM8: 44924 | AN8: 44957 | AO8: 44985 | AP8: 45016 | AQ8: 45044 | AR8: 45077 | AS8: 45107 | AT8: 45138 | AU8: 45169 | AV8: 45196 | AW8: 45230 | AX8: 45260 | AY8: 45288 | AZ8: 45322 | BA8: 45351 | BB8: 45380 | BC8: 45412 | BD8: 45443 | BE8: 45471 | BF8: 45504 | BG8: 45534 | BH8: 45565 | BI8: 45596 | BJ8: 45625 | BK8: 45656 | BL8: 45688 | BM8: 45716 | BN8: 45747 | BO8: 45777
A9: =FlMktcap!A9 -> IKS200 | B9: 코스피 200 | C9: S501000.M | D9: % | E9: Lagging | F9: 배당수익률(FY0) | G9: 2.29 | H9: 2.2 | I9: 2.08 | J9: 1.96 | K9: 1.89 | L9: 1.88 | M9: 1.92 | N9: 1.68 | O9: 1.48 | P9: 1.43 | Q9: 1.41 | R9: 1.39 | S9: 1.87 | T9: 1.85 | U9: 1.78 | V9: 1.83 | W9: 1.84 | X9: 1.86 | Y9: 1.93 | Z9: 2.02 | AA9: 1.89 | AB9: 2.09 | AC9: 2.06 | AD9: 1.91 | AE9: 1.85 | AF9: 1.85 | AG9: 2.12 | AH9: 2.02 | AI9: 2 | AJ9: 2.29 | AK9: 2.14 | AL9: 1.99 | AM9: 2.21 | AN9: 2.04 | AO9: 2.05 | AP9: 2 | AQ9: 1.97 | AR9: 1.91 | AS9: 1.92 | AT9: 1.86 | AU9: 1.92 | AV9: 1.99 | AW9: 2.15 | AX9: 1.93 | AY9: 1.82 | AZ9: 1.92 | BA9: 1.82 | BB9: 1.74 | BC9: 1.86 | BD9: 1.91 | BE9: 1.76 | BF9: 1.78 | BG9: 1.84 | BH9: 1.9 | BI9: 1.93 | BJ9: 2 | BK9: 2.05 | BL9: 1.95 | BM9: 1.94 | BN9: 1.98 | BO9: 2.15
A10: =FlMktcap!A10 -> A005930 | B10: 삼성전자 | C10: S501000.M | D10: % | E10: Lagging | F10: 배당수익률(FY0) | G10: 2.83 | H10: 2.79 | I10: 2.68 | J10: 2.45 | K10: 2.62 | L10: 2.43 | M10: 2.5 | N10: 2.12 | O10: 1.75 | P10: 1.73 | Q10: 1.72 | R10: 1.74 | S10: 3.67 | T10: 3.72 | U10: 3.71 | V10: 3.81 | W10: 3.9 | X10: 4.04 | Y10: 4.29 | Z10: 4.2 | AA10: 3.82 | AB10: 4.08 | AC10: 4.15 | AD10: 4.3 | AE10: 2.14 | AF10: 2.14 | AG10: 2.53 | AH10: 2.35 | AI10: 2.42 | AJ10: 2.72 | AK10: 2.43 | AL10: 2.32 | AM10: 2.61 | AN10: 2.37 | AO10: 2.38 | AP10: 2.26 | AQ10: 2.2 | AR10: 2.02 | AS10: 2 | AT10: 2.07 | AU10: 2.16 | AV10: 2.11 | AW10: 2.16 | AX10: 1.98 | AY10: 1.84 | AZ10: 1.99 | BA10: 1.97 | BB10: 1.75 | BC10: 1.86 | BD10: 1.96 | BE10: 1.77 | BF10: 1.72 | BG10: 1.94 | BH10: 2.35 | BI10: 2.44 | BJ10: 2.66 | BK10: 2.71 | BL10: 2.76 | BM10: 2.65 | BN10: 2.5 | BO10: 2.61
A11: =FlMktcap!A11 -> A000660 | B11: SK하이닉스 | C11: S501000.M | D11: % | E11: Lagging | F11: 배당수익률(FY0) | G11: 1.19 | H11: 1.23 | I11: 1.18 | J11: 1.21 | K11: 1.33 | L11: 1.19 | M11: 1.25 | N11: 1.03 | O11: 0.84 | P11: 0.82 | Q11: 0.71 | R11: 0.75 | S11: 0.91 | T11: 0.92 | U11: 0.92 | V11: 1.04 | W11: 1.1 | X11: 1.14 | Y11: 1.14 | Z11: 1.03 | AA11: 0.89 | AB11: 0.97 | AC11: 0.95 | AD11: 0.99 | AE11: 1.37 | AF11: 1.43 | AG11: 1.69 | AH11: 1.57 | AI11: 1.62 | AJ11: 1.85 | AK11: 1.86 | AL11: 1.81 | AM11: 2.05 | AN11: 1.74 | AO11: 1.72 | AP11: 1.74 | AQ11: 1.34 | AR11: 1.1 | AS11: 1.04 | AT11: 0.97 | AU11: 0.99 | AV11: 1.05 | AW11: 1.03 | AX11: 0.9 | AY11: 0.85 | AZ11: 0.89 | BA11: 0.77 | BB11: 0.66 | BC11: 0.69 | BD11: 0.63 | BE11: 0.51 | BF11: 0.62 | BG11: 0.69 | BH11: 0.69 | BI11: 0.64 | BJ11: 0.75 | BK11: 0.69 | BL11: 0.6 | BM11: 0.63 | BN11: 0.63 | BO11: 1.24
A12: =FlMktcap!A12 -> A373220 | B12: LG에너지솔루션 | C12: S501000.M | D12: % | E12: Lagging | F12: 배당수익률(FY0) | AB12: 0 | AC12: 0 | AD12: 0 | AE12: 0 | AF12: 0 | AG12: 0 | AH12: 0 | AI12: 0 | AJ12: 0 | AK12: 0 | AL12: 0 | AM12: 0 | AN12: 0 | AO12: 0 | AP12: 0 | AQ12: 0 | AR12: 0 | AS12: 0 | AT12: 0 | AU12: 0 | AV12: 0 | AW12: 0 | AX12: 0 | AY12: 0 | AZ12: 0 | BA12: 0 | BB12: 0 | BC12: 0 | BD12: 0 | BE12: 0 | BF12: 0 | BG12: 0 | BH12: 0 | BI12: 0 | BJ12: 0 | BK12: 0 | BL12: 0 | BM12: 0 | BN12: 0 | BO12: 0
A13: =FlMktcap!A13 -> A207940 | B13: 삼성바이오로직스 | C13: S501000.M | D13: % | E13: Lagging | F13: 배당수익률(FY0) | G13: 0 | H13: 0 | I13: 0 | J13: 0 | K13: 0 | L13: 0 | M13: 0 | N13: 0 | O13: 0 | P13: 0 | Q13: 0 | R13: 0 | S13: 0 | T13: 0 | U13: 0 | V13: 0 | W13: 0 | X13: 0 | Y13: 0 | Z13: 0 | AA13: 0 | AB13: 0 | AC13: 0 | AD13: 0 | AE13: 0 | AF13: 0 | AG13: 0 | AH13: 0 | AI13: 0 | AJ13: 0 | AK13: 0 | AL13: 0 | AM13: 0 | AN13: 0 | AO13: 0 | AP13: 0 | AQ13: 0 | AR13: 0 | AS13: 0 | AT13: 0 | AU13: 0 | AV13: 0 | AW13: 0 | AX13: 0 | AY13: 0 | AZ13: 0 | BA13: 0 | BB13: 0 | BC13: 0 | BD13: 0 | BE13: 0 | BF13: 0 | BG13: 0 | BH13: 0 | BI13: 0 | BJ13: 0 | BK13: 0 | BL13: 0 | BM13: 0 | BN13: 0 | BO13: 0
A14: =FlMktcap!A14 -> A005380 | B14: 현대차 | C14: S501000.M | D14: % | E14: Lagging | F14: 배당수익률(FY0) | G14: 4.27 | H14: 4.08 | I14: 4.09 | J14: 3.16 | K14: 2.27 | L14: 2.24 | M14: 2.43 | N14: 2.2 | O14: 2.08 | P14: 1.75 | Q14: 1.69 | R14: 1.83 | S14: 1.42 | T14: 1.28 | U14: 1.25 | V14: 1.38 | W14: 1.41 | X14: 1.5 | Y14: 1.44 | Z14: 1.53 | AA14: 1.44 | AB14: 1.58 | AC14: 1.71 | AD14: 1.66 | AE14: 2.69 | AF14: 2.64 | AG14: 2.77 | AH14: 2.55 | AI14: 2.55 | AJ14: 2.83 | AK14: 3.04 | AL14: 2.96 | AM14: 3.31 | AN14: 2.99 | AO14: 2.84 | AP14: 2.71 | AQ14: 3.54 | AR14: 3.5 | AS14: 3.39 | AT14: 3.57 | AU14: 3.7 | AV14: 3.66 | AW14: 4.12 | AX14: 3.8 | AY14: 3.44 | AZ14: 3.6 | BA14: 2.79 | BB14: 3 | BC14: 4.54 | BD14: 4.51 | BE14: 3.86 | BF14: 4.58 | BG14: 4.46 | BH14: 4.67 | BI14: 5.3 | BJ14: 5.22 | BK14: 5.38 | BL14: 5.53 | BM14: 5.91 | BN14: 5.78 | BO14: 6.3
A15: =FlMktcap!A15 -> A068270 | B15: 셀트리온 | C15: S501000.M | D15: % | E15: Lagging | F15: 배당수익률(FY0) | G15: 0 | H15: 0 | I15: 0 | J15: 0 | K15: 0 | L15: 0 | M15: 0 | N15: 0 | O15: 0 | P15: 0 | Q15: 0 | R15: 0 | S15: 0 | T15: 0 | U15: 0 | V15: 0 | W15: 0 | X15: 0 | Y15: 0 | Z15: 0 | AA15: 0 | AB15: 0 | AC15: 0 | AD15: 0 | AE15: 0.42 | AF15: 0.46 | AG15: 0.41 | AH15: 0.39 | AI15: 0.39 | AJ15: 0.42 | AK15: 0.38 | AL15: 0.42 | AM15: 0.44 | AN15: 0.44 | AO15: 0.49 | AP15: 0.47 | AQ15: 0.22 | AR15: 0.21 | AS15: 0.24 | AT15: 0.25 | AU15: 0.25 | AV15: 0.26 | AW15: 0.24 | AX15: 0.22 | AY15: 0.18 | AZ15: 0.2 | BA15: 0.2 | BB15: 0.19 | BC15: 0.26 | BD15: 0.28 | BE15: 0.29 | BF15: 0.24 | BG15: 0.25 | BH15: 0.26 | BI15: 0.27 | BJ15: 0.27 | BK15: 0.25 | BL15: 0.27 | BM15: 0.26 | BN15: 0.28 | BO15: 0.44
A16: =FlMktcap!A16 -> A000270 | B16: 기아 | C16: S501000.M | D16: % | E16: Lagging | F16: 배당수익률(FY0) | G16: 3.88 | H16: 3.36 | I16: 3.59 | J16: 2.85 | K16: 2.71 | L16: 2.45 | M16: 2.28 | N16: 1.99 | O16: 1.84 | P16: 1.39 | Q16: 1.45 | R16: 1.39 | S16: 1.3 | T16: 1.17 | U16: 1.12 | V16: 1.2 | W16: 1.18 | X16: 1.23 | Y16: 1.18 | Z16: 1.29 | AA16: 1.22 | AB16: 1.22 | AC16: 1.36 | AD16: 1.35 | AE16: 3.58 | AF16: 3.5 | AG16: 3.88 | AH16: 3.69 | AI16: 3.71 | AJ16: 4.17 | AK16: 4.52 | AL16: 4.37 | AM16: 5.06 | AN16: 4.49 | AO16: 3.98 | AP16: 3.7 | AQ16: 4.14 | AR16: 4.07 | AS16: 3.95 | AT16: 4.23 | AU16: 4.36 | AV16: 4.3 | AW16: 4.55 | AX16: 4.07 | AY16: 3.5 | AZ16: 3.4 | BA16: 2.81 | BB16: 3.18 | BC16: 4.75 | BD16: 4.76 | BE16: 4.33 | BF16: 5 | BG16: 5.28 | BH16: 5.61 | BI16: 6.09 | BJ16: 6.03 | BK16: 5.56 | BL16: 5.49 | BM16: 6.01 | BN16: 6.07 | BO16: 7.19
A17: =FlMktcap!A17 -> A105560 | B17: KB금융 | C17: S501000.M | D17: % | E17: Lagging | F17: 배당수익률(FY0) | G17: 6.36 | H17: 6.5 | I17: 6.51 | J17: 6.27 | K17: 6 | L17: 5.89 | M17: 5.51 | N17: 4.87 | O17: 5.09 | P17: 5.48 | Q17: 5.05 | R17: 3.93 | S17: 3.24 | T17: 3.01 | U17: 3.17 | V17: 3.45 | W17: 3.35 | X17: 3.2 | Y17: 3.13 | Z17: 3.35 | AA17: 3.22 | AB17: 2.97 | AC17: 2.96 | AD17: 2.89 | AE17: 5.03 | AF17: 4.87 | AG17: 6.11 | AH17: 6.07 | AI17: 5.95 | AJ17: 6.73 | AK17: 6.12 | AL17: 5.6 | AM17: 6.06 | AN17: 5.26 | AO17: 5.73 | AP17: 6.17 | AQ17: 5.96 | AR17: 6.15 | AS17: 6.18 | AT17: 5.78 | AU17: 5.45 | AV17: 5.33 | AW17: 5.73 | AX17: 5.63 | AY17: 5.45 | AZ17: 5.21 | BA17: 4.65 | BB17: 4.24 | BC17: 4.05 | BD17: 3.85 | BE17: 3.9 | BF17: 3.48 | BG17: 3.56 | BH17: 3.78 | BI17: 3.39 | BJ17: 3.18 | BK17: 3.69 | BL17: 3.34 | BM17: 3.91 | BN17: 3.87 | BO17: 3.52
A18: =FlMktcap!A18 -> A005490 | B18: POSCO홀딩스 | C18: S501000.M | D18: % | E18: Lagging | F18: 배당수익률(FY0) | G18: 5.42 | H18: 5.52 | I18: 5.75 | J18: 5.17 | K18: 5.42 | L18: 5.1 | M18: 4.81 | N18: 4.27 | O18: 3.68 | P18: 4.07 | Q18: 3.55 | R18: 3.13 | S18: 2.2 | T18: 2.25 | U18: 2.3 | V18: 2.18 | W18: 2.37 | X18: 2.42 | Y18: 2.7 | Z18: 3.07 | AA18: 2.91 | AB18: 3.02 | AC18: 2.81 | AD18: 2.73 | AE18: 5.88 | AF18: 5.88 | AG18: 7.38 | AH18: 7.02 | AI18: 6.67 | AJ18: 8.06 | AK18: 6.83 | AL18: 5.68 | AM18: 6.15 | AN18: 5.66 | AO18: 5.35 | AP18: 4.62 | AQ18: 3.18 | AR18: 3.33 | AS18: 3.09 | AT18: 1.87 | AU18: 2.07 | AV18: 2.24 | AW18: 2.92 | AX18: 2.48 | AY18: 2.4 | AZ18: 2.82 | BA18: 2.78 | BB18: 2.84 | BC18: 2.47 | BD18: 2.71 | BE18: 2.75 | BF18: 2.84 | BG18: 2.94 | BH18: 2.6 | BI18: 2.98 | BJ18: 3.54 | BK18: 3.94 | BL18: 3.84 | BM18: 3.67 | BN18: 3.59 | BO18: 3.84
A19: =FlMktcap!A19 -> A035420 | B19: NAVER | C19: S501000.M | D19: % | E19: Lagging | F19: 배당수익률(FY0) | G19: 0.19 | H19: 0.17 | I19: 0.14 | J19: 0.12 | K19: 0.12 | L19: 0.13 | M19: 0.13 | N19: 0.14 | O19: 0.13 | P19: 0.11 | Q19: 0.1 | R19: 0.1 | S19: 0.11 | T19: 0.11 | U19: 0.1 | V19: 0.09 | W19: 0.09 | X19: 0.1 | Y19: 0.1 | Z19: 0.11 | AA19: 0.11 | AB19: 0.13 | AC19: 0.13 | AD19: 0.12 | AE19: 0.18 | AF19: 0.18 | AG19: 0.21 | AH19: 0.2 | AI19: 0.21 | AJ19: 0.26 | AK19: 0.3 | AL19: 0.27 | AM19: 0.29 | AN19: 0.25 | AO19: 0.25 | AP19: 0.25 | AQ19: 0.48 | AR19: 0.46 | AS19: 0.5 | AT19: 0.4 | AU19: 0.43 | AV19: 0.45 | AW19: 0.49 | AX19: 0.44 | AY19: 0.41 | AZ19: 0.46 | BA19: 0.47 | BB19: 0.49 | BC19: 0.65 | BD19: 0.71 | BE19: 0.72 | BF19: 0.69 | BG19: 0.71 | BH19: 0.71 | BI19: 0.71 | BJ19: 0.58 | BK19: 0.61 | BL19: 0.56 | BM19: 0.58 | BN19: 0.63 | BO19: 0.56
A20: =FlMktcap!A20 -> A055550 | B20: 신한지주 | C20: S501000.M | D20: % | E20: Lagging | F20: 배당수익률(FY0) | G20: 6.06 | H20: 6.14 | I20: 6.43 | J20: 6.15 | K20: 6.24 | L20: 6.7 | M20: 6.1 | N20: 5.75 | O20: 5.77 | P20: 6.04 | Q20: 5.61 | R20: 4.94 | S20: 3.75 | T20: 3.53 | U20: 3.69 | V20: 3.83 | W20: 3.86 | X20: 3.71 | Y20: 3.92 | Z20: 4.33 | AA20: 4.08 | AB20: 3.93 | AC20: 3.84 | AD20: 3.61 | AE20: 4.65 | AF20: 4.55 | AG20: 5.29 | AH20: 5.49 | AI20: 5.36 | AJ20: 5.85 | AK20: 5.4 | AL20: 5.14 | AM20: 5.57 | AN20: 4.72 | AO20: 5.05 | AP20: 5.54 | AQ20: 5.91 | AR20: 5.89 | AS20: 6.07 | AT20: 5.89 | AU20: 5.81 | AV20: 5.8 | AW20: 5.94 | AX20: 5.6 | AY20: 5.14 | AZ20: 5.06 | BA20: 4.74 | BB20: 4.49 | BC20: 4.5 | BD20: 4.45 | BE20: 4.36 | BF20: 3.51 | BG20: 3.74 | BH20: 3.78 | BI20: 4.09 | BJ20: 3.96 | BK20: 4.41 | BL20: 4.11 | BM20: 4.58 | BN20: 4.46 | BO20: 4.2
A21: =FlMktcap!A21 -> A012330 | B21: 현대모비스 | C21: S501000.M | D21: % | E21: Lagging | F21: 배당수익률(FY0) | G21: 2.33 | H21: 2.02 | I21: 2.08 | J21: 1.95 | K21: 1.79 | L21: 1.74 | M21: 1.77 | N21: 1.64 | O21: 1.57 | P21: 1.26 | Q21: 1.32 | R21: 1.37 | S21: 1.48 | T21: 1.43 | U21: 1.37 | V21: 1.5 | W21: 1.44 | X21: 1.58 | Y21: 1.59 | Z21: 1.81 | AA21: 1.57 | AB21: 1.72 | AC21: 1.79 | AD21: 1.86 | AE21: 1.93 | AF21: 1.83 | AG21: 2.01 | AH21: 1.75 | AI21: 1.86 | AJ21: 2.09 | AK21: 1.83 | AL21: 1.88 | AM21: 2 | AN21: 1.95 | AO21: 1.88 | AP21: 1.85 | AQ21: 1.84 | AR21: 1.79 | AS21: 1.72 | AT21: 1.72 | AU21: 1.73 | AV21: 1.66 | AW21: 1.92 | AX21: 1.75 | AY21: 1.69 | AZ21: 1.9 | BA21: 1.65 | BB21: 1.57 | BC21: 1.97 | BD21: 2.1 | BE21: 1.79 | BF21: 2.04 | BG21: 2.07 | BH21: 2.07 | BI21: 1.8 | BJ21: 1.88 | BK21: 1.9 | BL21: 1.71 | BM21: 1.83 | BN21: 1.73 | BO21: 2.24
A22: =FlMktcap!A22 -> A006400 | B22: 삼성SDI | C22: S501000.M | D22: % | E22: Lagging | F22: 배당수익률(FY0) | G22: 0.35 | H22: 0.28 | I22: 0.27 | J22: 0.25 | K22: 0.22 | L22: 0.23 | M22: 0.22 | N22: 0.19 | O22: 0.16 | P22: 0.14 | Q22: 0.15 | R22: 0.15 | S22: 0.15 | T22: 0.16 | U22: 0.14 | V22: 0.13 | W22: 0.13 | X22: 0.14 | Y22: 0.14 | Z22: 0.14 | AA22: 0.15 | AB22: 0.17 | AC22: 0.18 | AD22: 0.17 | AE22: 0.16 | AF22: 0.17 | AG22: 0.19 | AH22: 0.17 | AI22: 0.17 | AJ22: 0.18 | AK22: 0.13 | AL22: 0.14 | AM22: 0.17 | AN22: 0.15 | AO22: 0.14 | AP22: 0.14 | AQ22: 0.15 | AR22: 0.14 | AS22: 0.15 | AT22: 0.15 | AU22: 0.17 | AV22: 0.2 | AW22: 0.24 | AX22: 0.22 | AY22: 0.22 | AZ22: 0.27 | BA22: 0.27 | BB22: 0.22 | BC22: 0.23 | BD22: 0.27 | BE22: 0.28 | BF22: 0.31 | BG22: 0.28 | BH22: 0.26 | BI22: 0.3 | BJ22: 0.39 | BK22: 0.4 | BL22: 0.45 | BM22: 0.44 | BN22: 0.53 | BO22: 0.55
A23: =FlMktcap!A23 -> A051910 | B23: LG화학 | C23: S501000.M | D23: % | E23: Lagging | F23: 배당수익률(FY0) | G23: 0.53 | H23: 0.51 | I23: 0.41 | J23: 0.35 | K23: 0.27 | L23: 0.31 | M23: 0.33 | N23: 0.25 | O23: 0.24 | P23: 0.22 | Q23: 0.24 | R23: 0.25 | S23: 1.07 | T23: 1.22 | U23: 1.18 | V23: 1.19 | W23: 1.32 | X23: 1.29 | Y23: 1.2 | Z23: 1.44 | AA23: 1.63 | AB23: 1.56 | AC23: 1.77 | AD23: 1.88 | AE23: 2.31 | AF23: 2.05 | AG23: 2.33 | AH23: 1.99 | AI23: 1.9 | AJ23: 2.24 | AK23: 1.92 | AL23: 1.62 | AM23: 2 | AN23: 1.74 | AO23: 1.76 | AP23: 1.69 | AQ23: 1.35 | AR23: 1.44 | AS23: 1.5 | AT23: 1.54 | AU23: 1.72 | AV23: 2.01 | AW23: 2.27 | AX23: 2 | AY23: 2 | AZ23: 2.3 | BA23: 2.21 | BB23: 2.28 | BC23: 0.87 | BD23: 1 | BE23: 1.01 | BF23: 1.15 | BG23: 1.09 | BH23: 0.98 | BI23: 1.12 | BJ23: 1.23 | BK23: 1.4 | BL23: 1.47 | BM23: 1.49 | BN23: 1.43 | BO23: 0.46
A24: =FlMktcap!A24 -> A028260 | B24: 삼성물산 | C24: S501000.M | D24: % | E24: Lagging | F24: 배당수익률(FY0) | G24: 1.89 | H24: 2.02 | I24: 1.72 | J24: 1.89 | K24: 1.85 | L24: 1.9 | M24: 1.81 | N24: 1.66 | O24: 1.45 | P24: 1.54 | Q24: 1.65 | R24: 1.61 | S24: 1.69 | T24: 1.66 | U24: 1.68 | V24: 1.63 | W24: 1.73 | X24: 1.86 | Y24: 2.02 | Z24: 2.18 | AA24: 1.93 | AB24: 2.15 | AC24: 2.09 | AD24: 2.02 | AE24: 3.64 | AF24: 3.47 | AG24: 3.41 | AH24: 3.49 | AI24: 3.49 | AJ24: 4.06 | AK24: 3.54 | AL24: 3.44 | AM24: 3.7 | AN24: 3.54 | AO24: 3.81 | AP24: 3.88 | AQ24: 2.1 | AR24: 2.08 | AS24: 2.18 | AT24: 2.23 | AU24: 2.2 | AV24: 2.14 | AW24: 2.16 | AX24: 1.93 | AY24: 1.78 | AZ24: 1.67 | BA24: 1.47 | BB24: 1.45 | BC24: 1.7 | BD24: 1.89 | BE24: 1.8 | BF24: 1.64 | BG24: 1.73 | BH24: 1.85 | BI24: 2.18 | BJ24: 2.14 | BK24: 2.22 | BL24: 2.13 | BM24: 2.1 | BN24: 2.18 | BO24: 2.12
... A31: =FlMktcap!A31 -> A035720 | B31: 카카오 | C31: S501000.M | D31: % | E31: Lagging | F31: 배당수익률(FY0) | G31: 0.07 | H31: 0.05 | I31: 0.05 | J31: 0.04 | K31: 0.03 | L31: 0.03 | M31: 0.04 | N31: 0.03 | O31: 0.03 | P31: 0.03 | Q31: 0.03 | R31: 0.03 | S31: 0.03 | T31: 0.02 | U31: 0.02 | V31: 0.02 | W31: 0.02 | X31: 0.03 | Y31: 0.02 | Z31: 0.02 | AA31: 0.03 | AB31: 0.04 | AC31: 0.03 | AD31: 0.03 | AE31: 0.06 | AF31: 0.06 | AG31: 0.08 | AH31: 0.07 | AI31: 0.07 | AJ31: 0.09 | AK31: 0.1 | AL31: 0.09 | AM31: 0.1 | AN31: 0.09 | AO31: 0.08 | AP31: 0.09 | AQ31: 0.1 | AR31: 0.11 | AS31: 0.12 | AT31: 0.12 | AU31: 0.12 | AV31: 0.14 | AW31: 0.16 | AX31: 0.12 | AY31: 0.11 | AZ31: 0.11 | BA31: 0.11 | BB31: 0.11 | BC31: 0.13 | BD31: 0.14 | BE31: 0.15 | BF31: 0.16 | BG31: 0.16 | BH31: 0.17 | BI31: 0.17 | BJ31: 0.15 | BK31: 0.16 | BL31: 0.16 | BM31: 0.14 | BN31: 0.16 | BO31: 0.18
A32: =FlMktcap!A32 -> A329180 | B32: HD현대중공업 | C32: S501000.M | D32: % | E32: Lagging | F32: 배당수익률(FY0) | X32: 0 | Y32: 0 | Z32: 0 | AA32: 0 | AB32: 0 | AC32: 0 | AD32: 0 | AE32: 0 | AF32: 0 | AG32: 0 | AH32: 0 | AI32: 0 | AJ32: 0 | AK32: 0 | AL32: 0 | AM32: 0 | AN32: 0 | AO32: 0 | AP32: 0 | AQ32: 0 | AR32: 0 | AS32: 0 | AT32: 0 | AU32: 0 | AV32: 0 | AW32: 0 | AX32: 0 | AY32: 0 | AZ32: 0 | BA32: 0 | BB32: 0 | BC32: 0 | BD32: 0 | BE32: 0 | BF32: 0 | BG32: 0 | BH32: 0 | BI32: 0 | BJ32: 0 | BK32: 0 | BL32: 0 | BM32: 0 | BN32: 0 | BO32: 0.52
A33: =FlMktcap!A33 -> A000810 | B33: 삼성화재 | C33: S501000.M | D33: % | E33: Lagging | F33: 배당수익률(FY0) | G33: 4.46 | H33: 4.66 | I33: 4.83 | J33: 4.96 | K33: 4.55 | L33: 4.67 | M33: 4.75 | N33: 4.52 | O33: 4.53 | P33: 5.06 | Q33: 4.91 | R33: 4.47 | S33: 4.44 | T33: 4.16 | U33: 3.99 | V33: 4.1 | W33: 3.89 | X33: 3.74 | Y33: 3.81 | Z33: 4.36 | AA33: 4.36 | AB33: 4.39 | AC33: 4.62 | AD33: 4.02 | AE33: 5.71 | AF33: 6.03 | AG33: 5.97 | AH33: 6.08 | AI33: 6.15 | AJ33: 6.52 | AK33: 6 | AL33: 5.84 | AM33: 6 | AN33: 5.91 | AO33: 5.59 | AP33: 5.83 | AQ33: 6.13 | AR33: 6.12 | AS33: 6 | AT33: 5.66 | AU33: 5.6 | AV33: 5.3 | AW33: 5.34 | AX33: 5.31 | AY33: 5.25 | AZ33: 5.23 | BA33: 4.63 | BB33: 4.51 | BC33: 5.16 | BD33: 4.59 | BE33: 4.11 | BF33: 4.3 | BG33: 4.62 | BH33: 4.64 | BI33: 4.75 | BJ33: 4.08 | BK33: 4.46 | BL33: 4.19 | BM33: 4.18 | BN33: 4.48 | BO33: 5.07
A34: =FlMktcap!A34 -> A259960 | B34: 크래프톤 | C34: S501000.M | D34: % | E34: Lagging | F34: 배당수익률(FY0) | W34: 0 | X34: 0 | Y34: 0 | Z34: 0 | AA34: 0 | AB34: 0 | AC34: 0 | AD34: 0 | AE34: 0 | AF34: 0 | AG34: 0 | AH34: 0 | AI34: 0 | AJ34: 0 | AK34: 0 | AL34: 0 | AM34: 0 | AN34: 0 | AO34: 0 | AP34: 0 | AQ34: 0 | AR34: 0 | AS34: 0 | AT34: 0 | AU34: 0 | AV34: 0 | AW34: 0 | AX34: 0 | AY34: 0 | AZ34: 0 | BA34: 0 | BB34: 0 | BC34: 0 | BD34: 0 | BE34: 0 | BF34: 0 | BG34: 0 | BH34: 0 | BI34: 0 | BJ34: 0 | BK34: 0 | BL34: 0 | BM34: 0 | BN34: 0 | BO34: 0
A35: =FlMktcap!A35 -> A015760 | B35: 한국전력 | C35: S501000.M | D35: % | E35: Lagging | F35: 배당수익률(FY0) | G35: 0 | H35: 0 | I35: 0 | J35: 0 | K35: 0 | L35: 0 | M35: 0 | N35: 0 | O35: 0 | P35: 0 | Q35: 0 | R35: 0 | S35: 5.14 | T35: 4.71 | U35: 4.89 | V35: 4.88 | W35: 5.07 | X35: 5.16 | Y35: 5.38 | Z35: 5.86 | AA35: 5.5 | AB35: 5.9 | AC35: 5.24 | AD35: 5.37 | AE35: 0 | AF35: 0 | AG35: 0 | AH35: 0 | AI35: 0 | AJ35: 0 | AK35: 0 | AL35: 0 | AM35: 0 | AN35: 0 | AO35: 0 | AP35: 0 | AQ35: 0 | AR35: 0 | AS35: 0 | AT35: 0 | AU35: 0 | AV35: 0 | AW35: 0 | AX35: 0 | AY35: 0 | AZ35: 0 | BA35: 0 | BB35: 0 | BC35: 0 | BD35: 0 | BE35: 0 | BF35: 0 | BG35: 0 | BH35: 0 | BI35: 0 | BJ35: 0 | BK35: 0 | BL35: 0 | BM35: 0 | BN35: 0 | BO35: 0.83
A36: =FlMktcap!A36 -> A066570 | B36: LG전자 | C36: S501000.M | D36: % | E36: Lagging | F36: 배당수익률(FY0) | G36: 1.37 | H36: 1.26 | I36: 1.19 | J36: 1.06 | K36: 0.89 | L36: 0.82 | M36: 0.89 | N36: 0.88 | O36: 0.56 | P36: 0.49 | Q36: 0.51 | R36: 0.5 | S36: 0.76 | T36: 0.79 | U36: 0.73 | V36: 0.76 | W36: 0.85 | X36: 0.94 | Y36: 1 | Z36: 1.04 | AA36: 0.87 | AB36: 0.94 | AC36: 0.97 | AD36: 1 | AE36: 0.73 | AF36: 0.81 | AG36: 0.96 | AH36: 0.9 | AI36: 0.84 | AJ36: 1.08 | AK36: 1.04 | AL36: 0.87 | AM36: 0.98 | AN36: 0.85 | AO36: 0.76 | AP36: 0.74 | AQ36: 0.64 | AR36: 0.57 | AS36: 0.55 | AT36: 0.65 | AU36: 0.71 | AV36: 0.69 | AW36: 0.7 | AX36: 0.68 | AY36: 0.69 | AZ36: 0.75 | BA36: 0.74 | BB36: 0.74 | BC36: 0.86 | BD36: 0.76 | BE36: 0.72 | BF36: 0.77 | BG36: 0.8 | BH36: 0.77 | BI36: 0.89 | BJ36: 0.89 | BK36: 0.96 | BL36: 0.95 | BM36: 1.01 | BN36: 1.04 | BO36: 1.4
A37: =FlMktcap!A37 -> A033780 | B37: KT&G | C37: S501000.M | D37: % | E37: Lagging | F37: 배당수익률(FY0) | G37: 5.43 | H37: 5.24 | I37: 5.63 | J37: 5.44 | K37: 5.29 | L37: 5.34 | M37: 5.43 | N37: 5.33 | O37: 5.29 | P37: 5.49 | Q37: 5.62 | R37: 5.41 | S37: 5.83 | T37: 5.69 | U37: 5.69 | V37: 5.83 | W37: 5.88 | X37: 5.91 | Y37: 5.92 | Z37: 5.86 | AA37: 6.08 | AB37: 6.19 | AC37: 6.02 | AD37: 5.95 | AE37: 5.81 | AF37: 5.65 | AG37: 5.84 | AH37: 5.86 | AI37: 5.77 | AJ37: 5.54 | AK37: 5.02 | AL37: 4.8 | AM37: 5.25 | AN37: 5.19 | AO37: 5.41 | AP37: 5.72 | AQ37: 5.83 | AR37: 5.98 | AS37: 6.04 | AT37: 6.05 | AU37: 5.75 | AV37: 5.79 | AW37: 5.86 | AX37: 5.67 | AY37: 5.75 | AZ37: 5.52 | BA37: 5.38 | BB37: 5.35 | BC37: 5.82 | BD37: 6.23 | BE37: 5.9 | BF37: 5.57 | BG37: 4.81 | BH37: 4.78 | BI37: 4.74 | BJ37: 4.27 | BK37: 4.86 | BL37: 4.7 | BM37: 5.29 | BN37: 5.14 | BO37: 4.71
A38: =FlMktcap!A38 -> A009540 | B38: HD한국조선해양 | C38: S501000.M | D38: % | E38: Lagging | F38: 배당수익률(FY0) | G38: 0 | H38: 0 | I38: 0 | J38: 0 | K38: 0 | L38: 0 | M38: 0 | N38: 0 | O38: 0 | P38: 0 | Q38: 0 | R38: 0 | S38: 0 | T38: 0 | U38: 0 | V38: 0 | W38: 0 | X38: 0 | Y38: 0 | Z38: 0 | AA38: 0 | AB38: 0 | AC38: 0 | AD38: 0 | AE38: 0 | AF38: 0 | AG38: 0 | AH38: 0 | AI38: 0 | AJ38: 0 | AK38: 0 | AL38: 0 | AM38: 0 | AN38: 0 | AO38: 0 | AP38: 0 | AQ38: 0 | AR38: 0 | AS38: 0 | AT38: 0 | AU38: 0 | AV38: 0 | AW38: 0 | AX38: 0 | AY38: 0 | AZ38: 0 | BA38: 0 | BB38: 0 | BC38: 0 | BD38: 0 | BE38: 0 | BF38: 0 | BG38: 0 | BH38: 0 | BI38: 0 | BJ38: 0 | BK38: 0 | BL38: 0 | BM38: 0 | BN38: 0 | BO38: 1.88
A39: =FlMktcap!A39 -> A034020 | B39: 두산에너빌리티 | C39: S501000.M | D39: % | E39: Lagging | F39: 배당수익률(FY0) | G39: 0 | H39: 0 | I39: 0 | J39: 0 | K39: 0 | L39: 0 | M39: 0 | N39: 0 | O39: 0 | P39: 0 | Q39: 0 | R39: 0 | S39: 0 | T39: 0 | U39: 0 | V39: 0 | W39: 0 | X39: 0 | Y39: 0 | Z39: 0 | AA39: 0 | AB39: 0 | AC39: 0 | AD39: 0 | AE39: 0 | AF39: 0 | AG39: 0 | AH39: 0 | AI39: 0 | AJ39: 0 | AK39: 0 | AL39: 0 | AM39: 0 | AN39: 0 | AO39: 0 | AP39: 0 | AQ39: 0 | AR39: 0 | AS39: 0 | AT39: 0 | AU39: 0 | AV39: 0 | AW39: 0 | AX39: 0 | AY39: 0 | AZ39: 0 | BA39: 0 | BB39: 0 | BC39: 0 | BD39: 0 | BE39: 0 | BF39: 0 | BG39: 0 | BH39: 0 | BI39: 0 | BJ39: 0 | BK39: 0 | BL39: 0 | BM39: 0 | BN39: 0 | BO39: 0
A40: =FlMktcap!A40 -> A011200 | B40: HMM | C40: S501000.M | D40: % | E40: Lagging | F40: 배당수익률(FY0) | G40: 0 | H40: 0 | I40: 0 | J40: 0 | K40: 0 | L40: 0 | M40: 0 | N40: 0 | O40: 0 | P40: 0 | Q40: 0 | R40: 0 | S40: 0 | T40: 0 | U40: 0 | V40: 0 | W40: 0 | X40: 0 | Y40: 0 | Z40: 0 | AA40: 0 | AB40: 0 | AC40: 0 | AD40: 0 | AE40: 2.11 | AF40: 1.85 | AG40: 2.44 | AH40: 2.41 | AI40: 2.7 | AJ40: 3.24 | AK40: 3.14 | AL40: 2.69 | AM40: 3.07 | AN40: 2.76 | AO40: 2.66 | AP40: 2.95 | AQ40: 5.88 | AR40: 6.76 | AS40: 6.37 | AT40: 6.86 | AU40: 7.2 | AV40: 7.38 | AW40: 8.24 | AX40: 7.75 | AY40: 6.13 | AZ40: 6.22 | BA40: 6.57 | BB40: 7.63 | BC40: 4.42 | BD40: 3.89 | BE40: 3.57 | BF40: 3.85 | BG40: 4.12 | BH40: 3.78 | BI40: 4.09 | BJ40: 3.9 | BK40: 3.96 | BL40: 3.68 | BM40: 3.57 | BN40: 3.58 | BO40: 3.29
A41: =FlMktcap!A41 -> A017670 | B41: SK텔레콤 | C41: S501000.M | D41: % | E41: Lagging | F41: 배당수익률(FY0) | G41: 4.73 | H41: 4.63 | I41: 4.74 | J41: 4.54 | K41: 4.03 | L41: 4.2 | M41: 4.67 | N41: 4.21 | O41: 4.2 | P41: 4.1 | Q41: 4.04 | R41: 3.64 | S41: 3.29 | T41: 3.15 | U41: 3.13 | V41: 3.32 | W41: 3.36 | X41: 3.09 | Y41: 3.23 | Z41: 3.67 | AA41: 3.45 | AB41: 3.55 | AC41: 3.66 | AD41: 3.51 | AE41: 4.67 | AF41: 4.66 | AG41: 5.12 | AH41: 4.96 | AI41: 5.11 | AJ41: 5.24 | AK41: 5.31 | AL41: 5.32 | AM41: 5.61 | AN41: 5.71 | AO41: 5.89 | AP41: 5.51 | AQ41: 6.96 | AR41: 6.68 | AS41: 7.12 | AT41: 7.2 | AU41: 6.91 | AV41: 6.38 | AW41: 6.75 | AX41: 6.36 | AY41: 6.63 | AZ41: 6.61 | BA41: 6.3 | BB41: 6.32 | BC41: 6.9 | BD41: 6.94 | BE41: 6.87 | BF41: 6.54 | BG41: 6.41 | BH41: 6.33 | BI41: 6.24 | BJ41: 5.77 | BK41: 6.41 | BL41: 6.39 | BM41: 6.32 | BN41: 6.38 | BO41: 6.52
A42: =FlMktcap!A42 -> A003550 | B42: LG | C42: S501000.M | D42: % | E42: Lagging | F42: 배당수익률(FY0) | G42: 3.55 | H42: 3.49 | I42: 3.09 | J42: 2.97 | K42: 2.66 | L42: 2.97 | M42: 3.24 | N42: 3.12 | O42: 2.51 | P42: 2.22 | Q42: 2.34 | R42: 2.43 | S42: 1.98 | T42: 2.48 | U42: 2.44 | V42: 2.65 | W42: 2.62 | X42: 2.69 | Y42: 2.74 | Z42: 3.19 | AA42: 3.09 | AB42: 3.38 | AC42: 3.32 | AD42: 3.27 | AE42: 3.82 | AF42: 3.49 | AG42: 3.59 | AH42: 3.45 | AI42: 3.41 | AJ42: 3.78 | AK42: 3.54 | AL42: 3.33 | AM42: 3.59 | AN42: 3.38 | AO42: 3.4 | AP42: 3.38 | AQ42: 3.43 | AR42: 3.49 | AS42: 3.41 | AT42: 3.59 | AU42: 3.65 | AV42: 3.58 | AW42: 3.89 | AX42: 3.57 | AY42: 3.49 | AZ42: 3.66 | BA42: 3.2 | BB42: 3.43 | BC42: 3.9 | BD42: 3.81 | BE42: 3.85 | BF42: 3.58 | BG42: 3.91 | BH42: 3.92 | BI42: 4.1 | BJ42: 4.14 | BK42: 4.31 | BL42: 4.14 | BM42: 4.66 | BN42: 4.8 | BO42: 4.65
